id_run_name,iteration,reward
ppo_random_hover_1,0,-5.394093171649036
ppo_random_hover_1,100,-497.17672576904295
ppo_random_hover_1,200,-489.05020782470706
ppo_random_hover_1,300,-489.8083428955078
ppo_random_hover_1,400,-505.8294747924805
ppo_random_hover_1,500,-497.65703063964844
ppo_random_hover_1,600,-494.62931671142576
ppo_random_hover_1,700,-503.0391586303711
ppo_random_hover_1,800,-492.4326123046875
ppo_random_hover_1,900,-501.2471926879883
ppo_random_hover_1,1000,-496.5969842529297
ppo_random_hover_1,1100,-501.5789141845703
ppo_random_hover_1,1200,-500.0998468017578
ppo_random_hover_1,1300,-498.54840209960935
ppo_random_hover_1,1400,-500.2137390136719
ppo_random_hover_1,1500,-493.5273162841797
ppo_random_hover_1,1600,-493.89682220458985
ppo_random_hover_1,1700,-494.90488372802736
ppo_random_hover_1,1800,-497.914475402832
ppo_random_hover_1,1900,-497.1705709838867
ppo_random_hover_1,2000,-497.56126220703123
ppo_random_hover_2,0,-6.960982663468236
ppo_random_hover_2,100,-490.7085266113281
ppo_random_hover_2,200,-490.45708923339845
ppo_random_hover_2,300,-486.66420379638674
ppo_random_hover_2,400,-496.73097717285157
ppo_random_hover_2,500,-576.9248474121093
ppo_random_hover_2,600,-688.9875799560547
ppo_random_hover_2,700,-502.28237396240235
ppo_random_hover_2,800,-70.92657630920411
ppo_random_hover_2,900,-24.769499958828092
ppo_random_hover_2,1000,-23.288336192071437
ppo_random_hover_2,1100,-12.443793505579233
ppo_random_hover_2,1200,-8.908297500312328
ppo_random_hover_4,0,-5.919762842711949
ppo_random_hover_4,100,-523.0172528076172
ppo_random_hover_4,200,-557.8026614379883
ppo_random_hover_4,300,-531.3321398925781
ppo_random_hover_4,400,-540.8342700195312
ppo_random_hover_4,500,-561.3137411499024
ppo_random_hover_4,600,-629.5964154052734
ppo_random_hover_4,700,-629.9327081298828
ppo_random_hover_4,800,-620.9050466918945
ppo_random_hover_4,900,-594.0970251464844
ppo_random_hover_4,1000,-542.4151614379883
ppo_random_hover_4,1100,-538.902434387207
ppo_random_hover_4,1200,-485.0371675109863
ppo_random_hover_4,1300,-505.74552505493165
ppo_random_hover_4,1400,-469.01899322509763
ppo_random_hover_4,1500,-406.73510513305666
ppo_random_hover_4,1600,-440.3100413513184
ppo_random_hover_4,1700,-371.34238021850587
ppo_random_hover_4,1800,-373.3782041931152
ppo_random_hover_4,1900,-316.15427993774415
ppo_random_hover_4,2000,-300.73307250976563
ppo_random_hover_5,0,-5.919762842711949
ppo_random_hover_5,100,-491.2257833862305
ppo_random_hover_5,200,-493.7143179321289
ppo_random_hover_5,300,-495.2930145263672
ppo_random_hover_5,400,-495.10940032958985
ppo_random_hover_5,500,-537.2379949951172
ppo_random_hover_5,600,-609.6923669433594
ppo_random_hover_5,700,-453.06225997924804
ppo_random_hover_5,800,-73.77043504238128
ppo_random_hover_5,900,-18.95341949135065
ppo_random_hover_5,1000,3.1750711109489202
ppo_random_hover_5,1100,4.6690165264904495
ppo_random_hover_5,1200,6.5322050146758555
ppo_random_hover_5,1300,-2.214995060861111
ppo_random_hover_5,1400,-12.636292159426958
ppo_random_hover_5,1500,-24.80196764945984
ppo_random_hover_5,1600,-10.365609108805657
ppo_random_hover_5,1700,-3.611472489312291
ppo_random_hover_5,1800,-2.6423413383215664
ppo_random_hover_5,1900,-4.803168587982655
ppo_random_hover_6,0,-7.18033553216429
ppo_random_hover_6,100,-492.3042141723633
ppo_random_hover_6,200,-542.3564715576172
ppo_random_hover_6,300,-627.2441226196289
ppo_random_hover_6,400,-144.96274059295655
ppo_random_hover_7,0,-5.397891685189236
ppo_random_hover_7,100,-492.03546447753905
ppo_random_hover_7,200,-480.5639935302734
ppo_random_hover_7,300,-482.9647732543945
ppo_random_hover_7,400,-491.00806610107423
ppo_random_hover_7,500,-489.3595336914062
ppo_random_hover_7,600,-487.71052795410156
ppo_random_hover_7,700,-488.93571502685546
ppo_random_hover_7,800,-491.9754629516602
ppo_random_hover_7,900,-489.26379638671875
ppo_random_hover_7,1000,-493.0496044921875
ppo_random_hover_7,1100,-489.1880187988281
ppo_random_hover_7,1200,-495.2849398803711
ppo_random_hover_7,1300,-499.48017822265626
ppo_random_hover_7,1400,-481.0636563110352
ppo_random_hover_7,1500,-479.8092346191406
ppo_random_hover_7,1600,-506.06380767822264
ppo_random_hover_7,1700,-490.77379119873046
ppo_random_hover_7,1800,-475.9565689086914
ppo_random_hover_7,1900,-486.93990600585937
ppo_random_hover_7,2000,-492.9408898925781
ppo_random_hover_8,0,-6.960982663468236
ppo_random_hover_8,100,-993.0731289672851
ppo_random_hover_8,200,-858.7084347534179
ppo_random_hover_8,300,-853.8778271484375
ppo_random_hover_8,400,-857.3170706176758
ppo_random_hover_8,500,-888.2600918579102
ppo_random_hover_8,600,-889.1175958251953
ppo_random_hover_8,700,-941.3511294555664
ppo_random_hover_8,800,-963.0423333740234
ppo_random_hover_8,900,-868.0323278808594
ppo_random_hover_8,1000,-848.8684881591797
ppo_random_hover_8,1100,-820.982041015625
ppo_random_hover_8,1200,-762.5770394897461
ppo_random_hover_8,1300,-579.5941667175293
ppo_random_hover_8,1400,-346.6528482055664
ppo_random_hover_8,1500,-92.34085205078125
ppo_random_hover_8,1600,-67.75537202358245
ppo_random_hover_8,1700,-32.78706350520253
ppo_random_hover_8,1800,-25.901145375594496
ppo_random_hover_8,1900,-32.299046111740175
ppo_random_hover_8,2000,-15.278874244615436
ppo_random_hover_9,0,-5.028519476985648
ppo_random_hover_9,100,-434.08375244140626
ppo_random_hover_9,200,-440.51796447753907
ppo_random_hover_9,300,-437.26682342529296
ppo_random_hover_9,400,-431.6670736694336
ppo_random_hover_9,500,-438.89122589111327
ppo_random_hover_9,600,-431.2478256225586
ppo_random_hover_9,700,-441.0378875732422
ppo_random_hover_9,800,-444.8953311157227
ppo_random_hover_9,900,-445.48924743652344
ppo_random_hover_9,1000,-459.02307495117185
ppo_random_hover_9,1100,-483.3439178466797
ppo_random_hover_9,1200,-500.5636767578125
ppo_random_hover_9,1300,-531.4092642211914
ppo_random_hover_9,1400,-567.8660134887696
ppo_random_hover_9,1500,-585.1736528015136
ppo_random_hover_9,1600,-526.511759185791
ppo_random_hover_9,1700,-465.6485006713867
ppo_random_hover_9,1800,-429.5034623718262
ppo_random_hover_9,1900,-388.9284689331055
ppo_random_hover_9,2000,-379.78045257568357
ppo_random_hover_10,0,-5.375534508732104
ppo_random_hover_10,100,-481.92965545654295
ppo_random_hover_10,200,-484.25228729248045
ppo_random_hover_10,300,-487.0640335083008
ppo_random_hover_10,400,-507.91410461425784
ppo_random_hover_10,500,-406.7072053527832
ppo_random_hover_10,600,-117.14911338806152
ppo_random_hover_10,700,-21.249555058032275
ppo_random_hover_10,800,2.153648032546043
ppo_random_hover_10,900,2.641157766133547
ppo_random_hover_10,1000,1.7765067943930626
ppo_random_hover_10,1100,-0.9962034982442856
ppo_random_hover_11,0,-6.922968048247553
ppo_random_hover_11,100,-495.8030502319336
ppo_random_hover_11,200,-494.73310638427733
ppo_random_hover_11,300,-511.4591253662109
ppo_random_hover_11,400,-493.0014309692383
ppo_random_hover_11,500,-515.2461181640625
ppo_random_hover_11,600,-492.02585754394534
ppo_random_hover_11,700,-536.6604507446289
ppo_random_hover_11,800,-494.6076052856445
ppo_random_hover_11,900,-173.94320899963378
ppo_random_hover_11,1000,-87.177762260437
ppo_random_hover_11,1100,-59.56884167462587
ppo_random_hover_11,1200,-39.61899833500385
ppo_random_hover_12,0,-9.381455661108097
ppo_random_hover_14,0,-5.034228432391371
ppo_random_hover_14,100,-479.8397769165039
ppo_random_hover_14,200,-475.7645114135742
ppo_random_hover_14,300,-474.70272155761717
ppo_random_hover_14,400,-474.5659539794922
ppo_random_hover_14,500,-474.323330078125
ppo_random_hover_14,600,-476.4657528686523
ppo_random_hover_14,700,-483.2678759765625
ppo_random_hover_14,800,-493.4194515991211
ppo_random_hover_14,900,-421.9940739440918
ppo_random_hover_14,1000,-178.6876857185364
ppo_random_hover_14,1100,-83.11937673091889
ppo_random_hover_14,1200,-69.14578886806964
ppo_random_hover_14,1300,-63.15445254057646
ppo_random_hover_14,1400,-31.765804001539944
ppo_random_hover_14,1500,-34.72218365371227
ppo_random_hover_14,1600,-18.263367746695877
ppo_random_hover_14,1700,-26.277520441412925
ppo_random_hover_14,1800,-3.507752592265606
ppo_random_hover_14,1900,0.41220536418259146
ppo_random_hover_14,2000,2.795794232301414
ppo_random_hover_15,0,-5.576582218032508
ppo_random_hover_15,100,-484.91490936279297
ppo_random_hover_15,200,-481.9199548339844
ppo_random_hover_15,300,-487.4444747924805
ppo_random_hover_15,400,-481.9531954956055
ppo_random_hover_15,500,-480.5146435546875
ppo_random_hover_15,600,-485.3907421875
ppo_random_hover_15,700,-483.08753387451173
ppo_random_hover_15,800,-488.5558923339844
ppo_random_hover_15,900,-501.8575012207031
ppo_random_hover_15,1000,-492.75604644775393
ppo_random_hover_15,1100,-493.57852935791016
ppo_random_hover_15,1200,-495.5212518310547
ppo_random_hover_15,1300,-498.3572137451172
ppo_random_hover_15,1400,-499.402907409668
ppo_random_hover_15,1500,-501.6993029785156
ppo_random_hover_15,1600,-513.5971694946289
ppo_random_hover_15,1700,-515.7168969726563
ppo_random_hover_15,1800,-525.2376339721679
ppo_random_hover_15,1900,-535.2925369262696
ppo_random_hover_15,2000,-543.3591415405274
ppo_random_hover_16,0,-5.576582218032508
ppo_random_hover_16,100,-493.3505911254883
ppo_random_hover_16,200,-486.7677655029297
ppo_random_hover_16,300,-483.45543701171874
ppo_random_hover_16,400,-486.14416564941405
ppo_random_hover_16,500,-481.06595916748046
ppo_random_hover_16,600,-487.6913864135742
ppo_random_hover_16,700,-488.19313446044924
ppo_random_hover_16,800,-481.6555911254883
ppo_random_hover_16,900,-493.6155410766602
ppo_random_hover_16,1000,-503.8135012817383
ppo_random_hover_16,1100,-527.7488037109375
ppo_random_hover_16,1200,-555.1630279541016
ppo_random_hover_16,1300,-571.648521118164
ppo_random_hover_16,1400,-454.00030654907226
ppo_random_hover_16,1500,-282.43421352386474
ppo_random_hover_16,1600,-131.34515516281127
ppo_random_hover_16,1700,-135.4647812461853
ppo_random_hover_16,1800,-79.82519332408906
ppo_random_hover_16,1900,-47.366573380231856
ppo_random_hover_16,2000,-55.919184894561766
ppo_random_hover_18,0,-9.381455661108097
ppo_random_hover_18,100,-756.0506475830078
ppo_random_hover_18,200,-812.8058441162109
ppo_random_hover_18,300,-821.7090759277344
ppo_random_hover_18,400,-800.9561474609375
ppo_random_hover_18,500,-747.3920223999023
ppo_random_hover_18,600,-755.4645672607422
ppo_random_hover_18,700,-823.4599249267578
ppo_random_hover_18,800,-710.3417221069336
ppo_random_hover_18,900,-689.3465112304688
ppo_random_hover_18,1000,-698.642202758789
ppo_random_hover_18,1100,-783.7308724975586
ppo_random_hover_18,1200,-651.7889007568359
ppo_random_hover_18,1300,-683.8373376464843
ppo_random_hover_18,1400,-678.7962762451172
ppo_random_hover_18,1500,-663.1807843017579
ppo_random_hover_18,1600,-672.5097033691407
ppo_random_hover_18,1700,-686.216535949707
ppo_random_hover_19,0,-7.003203716838644
ppo_random_hover_19,100,-490.3787145996094
ppo_random_hover_19,200,-537.9396298217773
ppo_random_hover_19,300,-604.3783453369141
ppo_random_hover_19,400,-518.4420849609374
ppo_random_hover_19,500,-467.5672705078125
ppo_random_hover_19,600,-455.27778678894043
ppo_random_hover_19,700,-386.364517288208
ppo_random_hover_19,800,-303.12817535400393
ppo_random_hover_19,900,-259.5991024017334
ppo_random_hover_19,1000,-236.9156962966919
ppo_random_hover_19,1100,-228.62984577178955
ppo_random_hover_19,1200,-171.0462907409668
ppo_random_hover_19,1300,-110.6866322517395
ppo_random_hover_19,1400,-111.8009449338913
ppo_random_hover_19,1500,-99.78738399863244
ppo_random_hover_19,1600,-90.78650078773498
ppo_random_hover_19,1700,-86.34680207714439
ppo_random_hover_19,1800,-77.02255911827088
ppo_random_hover_19,1900,-67.35950678944587
ppo_random_hover_19,2000,-64.66823549449444
ppo_random_hover_20,0,-9.403674160972948
ppo_random_hover_20,100,-489.8079718017578
ppo_random_hover_20,200,-487.6996728515625
ppo_random_hover_20,300,-492.74813751220705
ppo_random_hover_20,400,-484.76775939941405
ppo_random_hover_20,500,-488.23912811279297
ppo_random_hover_20,600,-492.93169372558594
ppo_random_hover_20,700,-488.35708709716795
ppo_random_hover_20,800,-487.0268109130859
ppo_random_hover_20,900,-489.3473724365234
ppo_random_hover_20,1000,-489.16424438476565
ppo_random_hover_20,1100,-494.25735260009765
ppo_random_hover_20,1200,-489.29729705810547
ppo_random_hover_20,1300,-490.7693569946289
ppo_random_hover_20,1400,-488.0385781860352
ppo_random_hover_20,1500,-491.99140411376953
ppo_random_hover_20,1600,-484.73490966796874
ppo_random_hover_20,1700,-487.79877319335935
ppo_random_hover_20,1800,-487.257746887207
ppo_random_hover_20,1900,-486.53220306396486
ppo_random_hover_20,2000,-490.5922842407227
ppo_random_hover_21,0,-5.578243521884794
ppo_random_hover_21,100,-498.0261459350586
ppo_random_hover_21,200,-489.1048236083984
ppo_random_hover_21,300,-500.58344177246096
ppo_random_hover_21,400,-534.7171682739258
ppo_random_hover_21,500,-519.9274118041992
ppo_random_hover_21,600,-511.434817199707
ppo_random_hover_21,700,-535.4210888671874
ppo_random_hover_21,800,-554.8805154418945
ppo_random_hover_21,900,-538.7586981201172
ppo_random_hover_21,1000,-555.5379989624023
ppo_random_hover_21,1100,-546.0807543945313
ppo_random_hover_21,1200,-542.9257208251953
ppo_random_hover_21,1300,-557.1663598632813
ppo_random_hover_21,1400,-547.2789422607422
ppo_random_hover_21,1500,-546.5778790283204
ppo_random_hover_21,1600,-528.3764260864258
ppo_random_hover_21,1700,-539.8778057861329
ppo_random_hover_21,1800,-529.7047241210937
ppo_random_hover_21,1900,-536.9095346069336
ppo_random_hover_21,2000,-538.4006036376953
ppo_random_hover_22,0,-5.92247580754615
ppo_random_hover_22,100,-497.9506478881836
ppo_random_hover_22,200,-495.17914916992186
ppo_random_hover_22,300,-501.74132446289065
ppo_random_hover_22,400,-500.06160339355466
ppo_random_hover_22,500,-544.9588568115234
ppo_random_hover_22,600,-368.0164205169678
ppo_random_hover_22,700,-141.42413364410402
ppo_random_hover_23,0,-9.386874911153601
ppo_random_hover_23,100,-487.3324591064453
ppo_random_hover_23,200,-489.5971273803711
ppo_random_hover_23,300,-491.6919891357422
ppo_random_hover_23,400,-492.98147064208985
ppo_random_hover_23,500,-491.73280639648436
ppo_random_hover_23,600,-489.2162826538086
ppo_random_hover_23,700,-488.37608154296873
ppo_random_hover_23,800,-490.24151214599607
ppo_random_hover_23,900,-489.71278381347656
ppo_random_hover_23,1000,-489.36590881347655
ppo_random_hover_23,1100,-490.1395263671875
ppo_random_hover_23,1200,-491.8870223999023
ppo_random_hover_23,1300,-491.9295724487305
ppo_random_hover_23,1400,-489.78417419433595
ppo_random_hover_23,1500,-491.1310760498047
ppo_random_hover_23,1600,-488.6778253173828
ppo_random_hover_23,1700,-493.5321697998047
ppo_random_hover_23,1800,-487.3141754150391
ppo_random_hover_23,1900,-487.5542459106445
ppo_random_hover_23,2000,-486.8399346923828
ppo_random_hover_24,0,-5.006070357880422
ppo_random_hover_24,100,-421.63154846191406
ppo_random_hover_24,200,-432.75675506591796
ppo_random_hover_24,300,-434.0098211669922
ppo_random_hover_24,400,-457.81172729492187
ppo_random_hover_24,500,-469.16187377929685
ppo_random_hover_24,600,-480.2393222045898
ppo_random_hover_24,700,-481.8905776977539
ppo_random_hover_24,800,-510.318014831543
ppo_random_hover_24,900,-507.892746887207
ppo_random_hover_24,1000,-524.2178732299805
ppo_random_hover_24,1100,-530.8887734985351
ppo_random_hover_24,1200,-542.0647766113282
ppo_random_hover_24,1300,-555.2770318603516
ppo_random_hover_24,1400,-535.456629333496
ppo_random_hover_24,1500,-541.5579290771484
ppo_random_hover_24,1600,-546.9434097290039
ppo_random_hover_24,1700,-548.0379000854492
ppo_random_hover_24,1800,-547.951591796875
ppo_random_hover_24,1900,-549.536584777832
ppo_random_hover_24,2000,-554.9219134521485
ppo_random_hover_25,0,-5.576582218032508
ppo_random_hover_25,100,-485.91673156738284
ppo_random_hover_25,200,-489.6806869506836
ppo_random_hover_25,300,-521.082127380371
ppo_random_hover_25,400,-193.54807037353515
ppo_random_hover_25,500,-97.34330053329468
ppo_random_hover_25,600,-46.71320613861084
ppo_random_hover_25,700,-25.47271140024066
ppo_random_hover_25,800,-17.6222147077322
ppo_random_hover_26,0,-6.939964334702208
ppo_random_hover_26,100,-488.50307525634764
ppo_random_hover_26,200,-501.1190759277344
ppo_random_hover_26,300,-474.3017855834961
ppo_random_hover_26,400,-514.4897039794922
ppo_random_hover_26,500,-495.15273223876954
ppo_random_hover_26,600,-511.19913970947266
ppo_random_hover_26,700,-562.9389468383789
ppo_random_hover_26,800,-640.8056787109375
ppo_random_hover_26,900,-570.0735925292969
ppo_random_hover_26,1000,-357.65970432281495
ppo_random_hover_26,1100,-120.72871782302856
ppo_random_hover_26,1200,-102.63822373390198
ppo_random_hover_26,1300,-47.167088487148284
ppo_random_hover_26,1400,-43.342250067591664
ppo_random_hover_26,1500,-20.59313633441925
ppo_random_hover_26,1600,-19.731667683571576
ppo_random_hover_26,1700,-2.342998285293579
ppo_random_hover_26,1800,-6.669425204396248
ppo_random_hover_26,1900,-3.690897907614708
ppo_random_hover_26,2000,1.4420006686449052
ppo_random_hover_27,0,-5.5599625907128765
ppo_random_hover_27,100,-492.68592163085935
ppo_random_hover_27,200,-515.0016317749023
ppo_random_hover_27,300,-480.2135922241211
ppo_random_hover_27,400,-123.96922960281373
ppo_random_hover_27,500,-28.611596884280445
ppo_random_hover_27,600,-6.6195827307552095
ppo_random_hover_28,0,-6.921526864348423
ppo_random_hover_28,100,-525.8928845214843
ppo_random_hover_28,200,-516.0043685913085
ppo_random_hover_28,300,-497.5450201416016
ppo_random_hover_28,400,-501.3007342529297
ppo_random_hover_28,500,-501.27045074462893
ppo_random_hover_28,600,-495.7983093261719
ppo_random_hover_28,700,-494.21222229003905
ppo_random_hover_28,800,-490.0246520996094
ppo_random_hover_28,900,-503.613203125
ppo_random_hover_28,1000,-525.2506396484375
ppo_random_hover_28,1100,-541.1064151000977
ppo_random_hover_28,1200,-543.9643322753906
ppo_random_hover_28,1300,-591.5932040405273
ppo_random_hover_28,1400,-589.5816635131836
ppo_random_hover_28,1500,-555.5464056396485
ppo_random_hover_28,1600,-534.3265600585937
ppo_random_hover_28,1700,-471.15708892822266
ppo_random_hover_28,1800,-429.9326727294922
ppo_random_hover_28,1900,-364.99255783081054
ppo_random_hover_28,2000,-116.65216712713242
ppo_random_hover_29,0,-5.348345168821869
ppo_random_hover_29,100,-552.477575378418
ppo_random_hover_29,200,-523.4559948730468
ppo_random_hover_29,300,-498.2048556518555
ppo_random_hover_29,400,-502.0001446533203
ppo_random_hover_29,500,-535.7019262695312
ppo_random_hover_29,600,-529.918062133789
ppo_random_hover_29,700,-168.33486892700196
ppo_random_hover_29,800,-45.768578019142154
ppo_random_hover_29,900,-11.102795436382294
ppo_random_hover_29,1000,-4.68045911937952
ppo_random_hover_29,1100,-6.971055061072111
ppo_random_hover_29,1200,4.293753323256969
ppo_random_hover_30,0,-5.028519476985648
ppo_random_hover_30,100,-437.9730471801758
ppo_random_hover_30,200,-439.63934509277345
ppo_random_hover_30,300,-438.5896820068359
ppo_random_hover_30,400,-438.6395846557617
ppo_random_hover_30,500,-440.2338006591797
ppo_random_hover_30,600,-438.99723388671873
ppo_random_hover_30,700,-440.50141876220704
ppo_random_hover_30,800,-441.88569274902346
ppo_random_hover_30,900,-441.1422457885742
ppo_random_hover_30,1000,-437.8893682861328
ppo_random_hover_30,1100,-441.77556854248047
ppo_random_hover_30,1200,-438.67188873291013
ppo_random_hover_30,1300,-437.174358215332
ppo_random_hover_30,1400,-439.53234619140625
ppo_random_hover_30,1500,-437.5333724975586
ppo_random_hover_30,1600,-441.8562823486328
ppo_random_hover_30,1700,-440.2404266357422
ppo_random_hover_30,1800,-441.4244128417969
ppo_random_hover_30,1900,-440.26004608154295
ppo_random_hover_30,2000,-439.6193283081055
ppo_random_hover_31,0,-7.012259421781415
ppo_random_hover_31,100,-493.28361938476564
ppo_random_hover_31,200,-499.5953341674805
ppo_random_hover_31,300,-647.9644546508789
ppo_random_hover_31,400,-412.7654536437988
ppo_random_hover_31,500,-61.55953598976135
ppo_random_hover_32,0,-6.165072067330281
ppo_random_hover_32,100,-491.97950958251954
ppo_random_hover_32,200,-487.45023529052736
ppo_random_hover_32,300,-484.34657165527346
ppo_random_hover_32,400,-482.96350158691405
ppo_random_hover_32,500,-484.9184518432617
ppo_random_hover_32,600,-481.0552114868164
ppo_random_hover_32,700,-479.19579010009767
ppo_random_hover_32,800,-488.2823089599609
ppo_random_hover_32,900,-483.40270080566404
ppo_random_hover_32,1000,-486.1663363647461
ppo_random_hover_32,1100,-480.4561392211914
ppo_random_hover_32,1200,-478.34391998291017
ppo_random_hover_32,1300,-477.0247375488281
ppo_random_hover_32,1400,-484.30059997558595
ppo_random_hover_32,1500,-484.76330810546875
ppo_random_hover_32,1600,-470.85606994628904
ppo_random_hover_32,1700,-479.166611328125
ppo_random_hover_32,1800,-480.4723504638672
ppo_random_hover_32,1900,-476.3046755981445
ppo_random_hover_32,2000,-476.56648712158204
ppo_random_hover_33,0,-4.929567453761895
ppo_random_hover_33,100,-422.6422735595703
ppo_random_hover_33,200,-430.103095703125
ppo_random_hover_33,300,-434.5277032470703
ppo_random_hover_33,400,-466.0297512817383
ppo_random_hover_33,500,-569.7463958740234
ppo_random_hover_33,600,-674.4852062988281
ppo_random_hover_33,700,-676.2362954711914
ppo_random_hover_33,800,-688.0769943237304
ppo_random_hover_33,900,-688.483855895996
ppo_random_hover_33,1000,-667.3043936157227
ppo_random_hover_33,1100,-607.1914852905273
ppo_random_hover_33,1200,-607.6431103515625
ppo_random_hover_33,1300,-592.1507705688476
ppo_random_hover_33,1400,-599.5121594238282
ppo_random_hover_33,1500,-543.1089552307129
ppo_random_hover_33,1600,-526.6654263305664
ppo_random_hover_33,1700,-518.4777416992188
ppo_random_hover_33,1800,-542.464234008789
ppo_random_hover_33,1900,-500.6221032714844
ppo_random_hover_33,2000,-501.91017059326174
ppo_random_hover_34,0,-5.578243521884794
ppo_random_hover_34,100,-486.16272399902346
ppo_random_hover_34,200,-483.89882385253907
ppo_random_hover_34,300,-493.5096142578125
ppo_random_hover_34,400,-504.67967864990237
ppo_random_hover_34,500,-518.4682391357422
ppo_random_hover_34,600,-522.9187139892579
ppo_random_hover_34,700,-518.1632495117187
ppo_random_hover_34,800,-528.0942300415039
ppo_random_hover_34,900,-522.3737271118164
ppo_random_hover_34,1000,-537.5507522583008
ppo_random_hover_34,1100,-534.3394305419922
ppo_random_hover_34,1200,-553.3296273803711
ppo_random_hover_34,1300,-544.5059655761719
ppo_random_hover_34,1400,-543.8721591186523
ppo_random_hover_34,1500,-543.8177084350586
ppo_random_hover_34,1600,-552.5467483520508
ppo_random_hover_34,1700,-558.5312237548828
ppo_random_hover_34,1800,-542.8831185913086
ppo_random_hover_34,1900,-536.8836099243164
ppo_random_hover_34,2000,-551.415744934082
ppo_random_hover_35,0,-5.921169479155824
ppo_random_hover_35,100,-536.1170593261719
ppo_random_hover_35,200,-533.0980783081054
ppo_random_hover_35,300,-527.0524569702148
ppo_random_hover_35,400,-519.2301626586914
ppo_random_hover_35,500,-530.4064306640626
ppo_random_hover_35,600,-531.1464831542969
ppo_random_hover_35,700,-515.574817199707
ppo_random_hover_35,800,-535.4955554199219
ppo_random_hover_35,900,-536.8229605102539
ppo_random_hover_35,1000,-529.2225048828125
ppo_random_hover_35,1100,-527.5679238891602
ppo_random_hover_35,1200,-534.3508181762695
ppo_random_hover_35,1300,-519.5528619384766
ppo_random_hover_35,1400,-526.2352090454101
ppo_random_hover_35,1500,-509.58854248046873
ppo_random_hover_35,1600,-533.8263507080078
ppo_random_hover_35,1700,-540.7863925170899
ppo_random_hover_35,1800,-525.3787289428711
ppo_random_hover_35,1900,-534.9533041381836
ppo_random_hover_35,2000,-545.5216479492187
ppo_random_hover_36,0,-9.101205916454395
ppo_random_hover_36,100,-498.9525909423828
ppo_random_hover_36,200,-505.3110562133789
ppo_random_hover_36,300,-491.4957931518555
ppo_random_hover_36,400,-482.60832061767576
ppo_random_hover_36,500,-490.05192810058594
ppo_random_hover_36,600,-501.0652737426758
ppo_random_hover_36,700,-520.523740234375
ppo_random_hover_36,800,-713.9081979370117
ppo_random_hover_36,900,-602.7421298217773
ppo_random_hover_36,1000,-404.978659362793
ppo_random_hover_36,1100,-173.05661754608155
ppo_random_hover_36,1200,-131.1171029663086
ppo_random_hover_36,1300,-70.14453521728515
ppo_random_hover_36,1400,-49.93225497245788
ppo_random_hover_36,1500,-41.663991825580595
ppo_random_hover_37,0,-5.006070357880422
ppo_random_hover_37,100,-434.4851919555664
ppo_random_hover_37,200,-437.02624938964846
ppo_random_hover_37,300,-439.15567169189455
ppo_random_hover_37,400,-430.37815673828123
ppo_random_hover_37,500,-413.61847534179685
ppo_random_hover_37,600,-411.40450592041014
ppo_random_hover_37,700,-412.1850198364258
ppo_random_hover_37,800,-415.469299621582
ppo_random_hover_37,900,-413.19670532226564
ppo_random_hover_37,1000,-422.6297888183594
ppo_random_hover_37,1100,-428.9681683349609
ppo_random_hover_37,1200,-436.53189544677736
ppo_random_hover_37,1300,-504.31530334472654
ppo_random_hover_37,1400,-471.23920684814453
ppo_random_hover_37,1500,-355.4635145568848
ppo_random_hover_37,1600,-270.46181282043455
ppo_random_hover_37,1700,-199.54840057373048
ppo_random_hover_37,1800,-136.79748546600342
ppo_random_hover_37,1900,-67.67575047016143
ppo_random_hover_37,2000,-67.94429783582687
ppo_random_hover_38,0,-7.18033553216429
ppo_random_hover_38,100,-502.69004821777344
ppo_random_hover_38,200,-537.656416015625
ppo_random_hover_38,300,-586.7895477294921
ppo_random_hover_38,400,-548.377568359375
ppo_random_hover_38,500,-487.55925247192386
ppo_random_hover_38,600,-453.09149124145506
ppo_random_hover_38,700,-425.64308776855466
ppo_random_hover_38,800,-289.72563819885255
ppo_random_hover_38,900,-242.73004226684571
ppo_random_hover_38,1000,-223.38689208984374
ppo_random_hover_38,1100,-181.90645667076112
ppo_random_hover_38,1200,-132.6172058773041
ppo_random_hover_38,1300,-155.82557257652283
ppo_random_hover_38,1400,-138.84427943229676
ppo_random_hover_38,1500,-154.85146659612656
ppo_random_hover_38,1600,-78.70236138820648
ppo_random_hover_39,0,-9.101205916454395
ppo_random_hover_40,0,-9.381455661108097
ppo_random_hover_40,100,-486.97937652587893
ppo_random_hover_40,200,-488.48563903808594
ppo_random_hover_40,300,-483.4988818359375
ppo_random_hover_40,400,-486.1534173583984
ppo_random_hover_40,500,-486.25608428955076
ppo_random_hover_40,600,-484.25299255371095
ppo_random_hover_40,700,-493.67836669921877
ppo_random_hover_40,800,-489.00197052001954
ppo_random_hover_40,900,-493.3316610717773
ppo_random_hover_40,1000,-487.0353637695313
ppo_random_hover_40,1100,-492.9044076538086
ppo_random_hover_40,1200,-516.0011572265626
ppo_random_hover_40,1300,-519.1026193237304
ppo_random_hover_40,1400,-549.0274261474609
ppo_random_hover_40,1500,-548.8123287963867
ppo_random_hover_40,1600,-585.6026046752929
ppo_random_hover_40,1700,-605.7845169067383
ppo_random_hover_41,0,-6.921526864348423
ppo_random_hover_41,100,-732.6755801391602
ppo_random_hover_41,200,-731.6836340332031
ppo_random_hover_41,300,-686.1706414794921
ppo_random_hover_41,400,-650.187956237793
ppo_random_hover_41,500,-697.694105834961
ppo_random_hover_41,600,-670.0050640869141
ppo_random_hover_41,700,-727.120598449707
ppo_random_hover_41,800,-651.894407043457
ppo_random_hover_41,900,-653.7409368896484
ppo_random_hover_41,1000,-671.6668109130859
ppo_random_hover_41,1100,-643.0055746459961
ppo_random_hover_41,1200,-626.9426968383789
ppo_random_hover_41,1300,-644.0767309570313
ppo_random_hover_41,1400,-652.1383856201172
ppo_random_hover_41,1500,-665.5333966064453
ppo_random_hover_41,1600,-619.382294921875
ppo_random_hover_41,1700,-677.3750018310546
ppo_random_hover_41,1800,-587.5590383911133
ppo_random_hover_41,1900,-615.0142196655273
ppo_random_hover_41,2000,-618.2589709472657
ppo_random_hover_42,0,-5.0322469644958066
ppo_random_hover_42,100,-411.53318756103516
ppo_random_hover_42,200,-412.1130825805664
ppo_random_hover_42,300,-416.4992495727539
ppo_random_hover_42,400,-459.66517333984376
ppo_random_hover_42,500,-538.7830017089843
ppo_random_hover_42,600,-542.018684387207
ppo_random_hover_42,700,-230.55142539978027
ppo_random_hover_42,800,-36.93782061457634
ppo_random_hover_42,900,-17.38770768135786
ppo_random_hover_42,1000,-11.22789288021624
ppo_random_hover_42,1100,-4.976395098939538
ppo_random_hover_42,1200,-5.715397311151028
ppo_random_hover_42,1300,-0.5244672416895628
ppo_random_hover_42,1400,-37.49596966177225
ppo_random_hover_42,1500,-4.125434406176209
ppo_random_hover_42,1600,-17.842665785625577
ppo_random_hover_42,1700,-19.187888969779014
ppo_random_hover_42,1800,-12.29924264907837
ppo_random_hover_42,1900,-13.7839771220088
ppo_random_hover_42,2000,-7.207815733328462
ppo_random_hover_43,0,-9.087000646584091
ppo_random_hover_43,100,-486.2298452758789
ppo_random_hover_43,200,-487.03297149658204
ppo_random_hover_43,300,-485.0083233642578
ppo_random_hover_43,400,-492.50618072509764
ppo_random_hover_43,500,-484.6670684814453
ppo_random_hover_43,600,-484.8144085693359
ppo_random_hover_43,700,-487.7477081298828
ppo_random_hover_43,800,-490.3779992675781
ppo_random_hover_43,900,-496.0120315551758
ppo_random_hover_43,1000,-505.985693359375
ppo_random_hover_43,1100,-518.2372631835938
ppo_random_hover_43,1200,-536.3672290039062
ppo_random_hover_43,1300,-533.7431973266602
ppo_random_hover_43,1400,-544.0557983398437
ppo_random_hover_43,1500,-551.6931552124023
ppo_random_hover_43,1600,-572.9934161376954
ppo_random_hover_43,1700,-575.8338012695312
ppo_random_hover_43,1800,-576.4439071655273
ppo_random_hover_43,1900,-603.2035015869141
ppo_random_hover_43,2000,-635.0034588623047
ppo_random_hover_45,0,-5.006070357880422
ppo_random_hover_45,100,-417.9544091796875
ppo_random_hover_45,200,-433.58519866943357
ppo_random_hover_45,300,-429.8236074829102
ppo_random_hover_45,400,-425.62205780029296
ppo_random_hover_45,500,-417.3240081787109
ppo_random_hover_45,600,-420.8123974609375
ppo_random_hover_45,700,-429.3404650878906
ppo_random_hover_45,800,-456.89453186035155
ppo_random_hover_45,900,-458.2650033569336
ppo_random_hover_45,1000,-469.1366296386719
ppo_random_hover_45,1100,-464.93999755859375
ppo_random_hover_45,1200,-535.1333831787109
ppo_random_hover_45,1300,-466.66511138916013
ppo_random_hover_45,1400,-338.58789978027346
ppo_random_hover_45,1500,-159.83539726257325
ppo_random_hover_45,1600,-98.83756909370422
ppo_random_hover_45,1700,-28.435569601356985
ppo_random_hover_45,1800,-15.305267363786697
ppo_random_hover_45,1900,-20.775096367746592
ppo_random_hover_45,2000,-38.35534026920796
ppo_random_hover_46,0,-5.92247580754615
ppo_random_hover_46,100,-490.50628967285155
ppo_random_hover_46,200,-481.66343292236326
ppo_random_hover_46,300,-485.6503805541992
ppo_random_hover_46,400,-482.5139157104492
ppo_random_hover_46,500,-485.69123931884764
ppo_random_hover_46,600,-496.602311706543
ppo_random_hover_46,700,-493.81885803222656
ppo_random_hover_46,800,-510.9447048950195
ppo_random_hover_46,900,-542.6901284790039
ppo_random_hover_46,1000,-537.2341885375977
ppo_random_hover_46,1100,-584.8272396850585
ppo_random_hover_46,1200,-453.07932922363284
ppo_random_hover_46,1300,-148.08344730377198
ppo_random_hover_46,1400,-82.83120040893554
ppo_random_hover_46,1500,-78.50626432418824
ppo_random_hover_47,0,-5.92247580754615
ppo_random_hover_47,100,-642.6455828857422
ppo_random_hover_47,200,-642.2306072998047
ppo_random_hover_47,300,-639.6871697998047
ppo_random_hover_47,400,-641.0225323486328
ppo_random_hover_47,500,-670.4612933349609
ppo_random_hover_47,600,-654.5909790039062
ppo_random_hover_47,700,-622.1955780029297
ppo_random_hover_47,800,-606.4615515136719
ppo_random_hover_47,900,-588.9361645507812
ppo_random_hover_47,1000,-607.6543603515624
ppo_random_hover_47,1100,-648.6066540527344
ppo_random_hover_47,1200,-638.4129397583008
ppo_random_hover_47,1300,-676.7043038940429
ppo_random_hover_47,1400,-641.3108554077148
ppo_random_hover_47,1500,-623.1447668457031
ppo_random_hover_47,1600,-601.782720336914
ppo_random_hover_47,1700,-629.5144866943359
ppo_random_hover_47,1800,-601.7734194946289
ppo_random_hover_47,1900,-686.1855450439454
ppo_random_hover_47,2000,-612.0703137207031
ppo_random_hover_48,0,-5.381569364773376
ppo_random_hover_48,100,-516.4009857177734
ppo_random_hover_48,200,-522.5079925537109
ppo_random_hover_48,300,-534.711067199707
ppo_random_hover_48,400,-524.996685180664
ppo_random_hover_48,500,-535.7416723632813
ppo_random_hover_48,600,-566.3887307739258
ppo_random_hover_48,700,-581.2551565551757
ppo_random_hover_48,800,-596.9520486450195
ppo_random_hover_48,900,-605.1313912963867
ppo_random_hover_48,1000,-644.9644131469727
ppo_random_hover_48,1100,-643.0068347167969
ppo_random_hover_48,1200,-685.5349945068359
ppo_random_hover_48,1300,-705.6913372802734
ppo_random_hover_48,1400,-694.9074725341796
ppo_random_hover_48,1500,-687.2991424560547
ppo_random_hover_48,1600,-715.0840686035157
ppo_random_hover_48,1700,-734.2764590454102
ppo_random_hover_48,1800,-700.8026760864258
ppo_random_hover_48,1900,-744.4732940673828
ppo_random_hover_48,2000,-716.5812713623047
ppo_random_hover_50,0,-5.029686062818482
ppo_random_hover_50,100,-411.68854461669923
ppo_random_hover_50,200,-411.00816497802737
ppo_random_hover_50,300,-420.49178283691407
ppo_random_hover_50,400,-420.87532897949217
ppo_random_hover_50,500,-420.94025848388674
ppo_random_hover_50,600,-422.41386962890624
ppo_random_hover_50,700,-428.3500369262695
ppo_random_hover_50,800,-451.2494314575195
ppo_random_hover_50,900,-468.5087048339844
ppo_random_hover_50,1000,-491.25594024658204
ppo_random_hover_50,1100,-499.0153164672852
ppo_random_hover_50,1200,-511.4692141723633
ppo_random_hover_50,1300,-513.2253265380859
ppo_random_hover_50,1400,-511.23356536865236
ppo_random_hover_50,1500,-538.5937701416016
ppo_random_hover_50,1600,-543.0718667602539
ppo_random_hover_50,1700,-563.9303860473633
ppo_random_hover_50,1800,-589.2006655883789
ppo_random_hover_50,1900,-558.1196035766602
ppo_random_hover_50,2000,-627.4179672241211
ppo_random_hover_52,0,-5.0322469644958066
ppo_random_hover_52,100,-407.607917175293
ppo_random_hover_52,200,-408.69107330322265
ppo_random_hover_52,300,-410.9037567138672
ppo_random_hover_52,400,-409.27034088134764
ppo_random_hover_52,500,-409.6918161010742
ppo_random_hover_52,600,-408.8739419555664
ppo_random_hover_52,700,-409.9245843505859
ppo_random_hover_52,800,-410.8375939941406
ppo_random_hover_52,900,-410.3943267822266
ppo_random_hover_52,1000,-409.8834796142578
ppo_random_hover_52,1100,-409.4611370849609
ppo_random_hover_52,1200,-409.4629248046875
ppo_random_hover_52,1300,-409.73804931640626
ppo_random_hover_52,1400,-409.79308654785154
ppo_random_hover_52,1500,-410.3764810180664
ppo_random_hover_52,1600,-408.8689886474609
ppo_random_hover_52,1700,-409.8555374145508
ppo_random_hover_52,1800,-410.3210607910156
ppo_random_hover_52,1900,-408.8790222167969
ppo_random_hover_52,2000,-409.16861236572265
ppo_random_hover_53,0,-6.921526864348423
ppo_random_hover_53,100,-512.7554418945313
ppo_random_hover_53,200,-516.4591882324219
ppo_random_hover_53,300,-488.167278137207
ppo_random_hover_53,400,-510.0243981933594
ppo_random_hover_53,500,-517.6226058959961
ppo_random_hover_53,600,-481.3529022216797
ppo_random_hover_53,700,-499.53870544433596
ppo_random_hover_53,800,-522.0593743896484
ppo_random_hover_53,900,-555.6512918090821
ppo_random_hover_53,1000,-575.8885729980469
ppo_random_hover_53,1100,-599.2105480957031
ppo_random_hover_53,1200,-575.0011981201172
ppo_random_hover_53,1300,-563.127912902832
ppo_random_hover_53,1400,-231.44024215698244
ppo_random_hover_53,1500,-190.03261688232422
ppo_random_hover_53,1600,-121.13411125183106
ppo_random_hover_53,1700,-90.84689689636231
ppo_random_hover_55,0,-5.029686062818482
ppo_random_hover_55,100,-409.0862521362305
ppo_random_hover_55,200,-420.12105560302734
ppo_random_hover_55,300,-420.06335021972654
ppo_random_hover_55,400,-418.8357192993164
ppo_random_hover_55,500,-417.2808560180664
ppo_random_hover_55,600,-424.552043762207
ppo_random_hover_55,700,-451.47445220947264
ppo_random_hover_55,800,-493.52418395996096
ppo_random_hover_55,900,-491.85458709716795
ppo_random_hover_55,1000,-533.2317712402344
ppo_random_hover_55,1100,-539.9602993774414
ppo_random_hover_55,1200,-451.26503555297853
ppo_random_hover_55,1300,-372.2927388000488
ppo_random_hover_55,1400,-225.88892892837524
ppo_random_hover_55,1500,-99.61531583219767
ppo_random_hover_55,1600,-49.687057626843455
ppo_random_hover_55,1700,-31.104804629683496
ppo_random_hover_55,1800,-22.199882964491845
ppo_random_hover_55,1900,-19.144240248836578
ppo_random_hover_55,2000,0.7964800988137722
ppo_random_hover_56,0,-5.341159633405152
ppo_random_hover_56,100,-505.63785888671873
ppo_random_hover_56,200,-501.7033441162109
ppo_random_hover_56,300,-526.8192980957032
ppo_random_hover_56,400,-527.225950012207
ppo_random_hover_56,500,-555.3195959472656
ppo_random_hover_56,600,-554.1588137817383
ppo_random_hover_56,700,-494.55033782958986
ppo_random_hover_56,800,-462.343058013916
ppo_random_hover_56,900,-430.0938558959961
ppo_random_hover_56,1000,-403.14622772216796
ppo_random_hover_56,1100,-423.8328915405273
ppo_random_hover_56,1200,-384.0757246398926
ppo_random_hover_56,1300,-358.0023991394043
ppo_random_hover_56,1400,-363.1551461029053
ppo_random_hover_56,1500,-333.74162368774415
ppo_random_hover_56,1600,-333.8281404876709
ppo_random_hover_56,1700,-321.9899519348144
ppo_random_hover_56,1800,-298.09241439819334
ppo_random_hover_56,1900,-305.98452632904053
ppo_random_hover_56,2000,-295.0498733520508
ppo_random_hover_57,0,-6.178178300814969
ppo_random_hover_57,100,-543.567378540039
ppo_random_hover_57,200,-568.3946420288086
ppo_random_hover_57,300,-559.5596374511719
ppo_random_hover_57,400,-574.8329229736328
ppo_random_hover_57,500,-538.5509664916992
ppo_random_hover_57,600,-514.732698059082
ppo_random_hover_57,700,-527.878916015625
ppo_random_hover_57,800,-541.6376776123047
ppo_random_hover_57,900,-571.3630340576171
ppo_random_hover_57,1000,-555.9962814331054
ppo_random_hover_57,1100,-546.2369354248046
ppo_random_hover_57,1200,-572.155866394043
ppo_random_hover_57,1300,-546.2267385864258
ppo_random_hover_57,1400,-548.1152111816406
ppo_random_hover_57,1500,-541.8837432861328
ppo_random_hover_57,1600,-518.9913836669922
ppo_random_hover_57,1700,-524.9273184204102
ppo_random_hover_57,1800,-522.2306066894531
ppo_random_hover_57,1900,-517.0231854248046
ppo_random_hover_57,2000,-514.0990414428711
ppo_random_hover_59,0,-6.960982663468236
ppo_random_hover_59,100,-561.1164416503906
ppo_random_hover_59,200,-517.5511322021484
ppo_random_hover_59,300,-542.2950885009766
ppo_random_hover_59,400,-524.2665664672852
ppo_random_hover_59,500,-541.3438226318359
ppo_random_hover_59,600,-568.5945919799805
ppo_random_hover_59,700,-579.0913177490235
ppo_random_hover_59,800,-630.5470233154297
ppo_random_hover_59,900,-654.2404583740234
ppo_random_hover_59,1000,-701.023276977539
ppo_random_hover_59,1100,-762.3533215332031
ppo_random_hover_59,1200,-756.2465032958985
ppo_random_hover_59,1300,-764.8977581787109
ppo_random_hover_59,1400,-752.5728985595703
ppo_random_hover_59,1500,-722.6881494140625
ppo_random_hover_59,1600,-663.8911904907227
ppo_random_hover_59,1700,-572.296181640625
ppo_random_hover_59,1800,-523.804524383545
ppo_random_hover_59,1900,-461.61741027832034
ppo_random_hover_59,2000,-380.8808024597168
ppo_random_hover_60,0,-9.101205916454395
ppo_random_hover_60,100,-875.182216796875
ppo_random_hover_60,200,-817.228900756836
ppo_random_hover_60,300,-911.3921160888672
ppo_random_hover_60,400,-764.673081665039
ppo_random_hover_60,500,-795.9732006835937
ppo_random_hover_60,600,-352.41502685546874
ppo_random_hover_61,0,-6.136608531964677
ppo_random_hover_61,100,-514.4033639526367
ppo_random_hover_61,200,-594.612769165039
ppo_random_hover_61,300,-417.4085841369629
ppo_random_hover_61,400,-180.740844039917
ppo_random_hover_61,500,-77.90185590744018
ppo_random_hover_61,600,-61.115481362342834
ppo_random_hover_61,700,-52.339232177734374
ppo_random_hover_61,800,-62.82532799959183
ppo_random_hover_61,900,-69.23355647087097
ppo_random_hover_61,1000,-78.23916902542115
ppo_random_hover_61,1100,-65.52111616373062
ppo_random_hover_61,1200,-86.58722412109375
ppo_random_hover_61,1300,-67.00964723587036
ppo_random_hover_61,1400,-81.71763956069947
ppo_random_hover_61,1500,-72.94072435379029
ppo_random_hover_61,1600,-85.66943041801453
ppo_random_hover_61,1700,-58.709075867533684
ppo_random_hover_61,1800,-63.1741332757473
ppo_random_hover_61,1900,-47.45565433859825
ppo_random_hover_61,2000,-42.993563527464865
ppo_random_hover_62,0,-7.18033553216429
ppo_random_hover_62,100,-516.7135800170898
ppo_random_hover_62,200,-519.8188647460937
ppo_random_hover_62,300,-567.5579138183593
ppo_random_hover_62,400,-602.7829742431641
ppo_random_hover_62,500,-642.5645449829102
ppo_random_hover_62,600,-657.0502960205079
ppo_random_hover_62,700,-657.3414730834961
ppo_random_hover_62,800,-638.2455270385742
ppo_random_hover_62,900,-640.6520565795898
ppo_random_hover_62,1000,-609.0671081542969
ppo_random_hover_62,1100,-557.3287435913086
ppo_random_hover_62,1200,-548.8647207641602
ppo_random_hover_62,1300,-559.371569519043
ppo_random_hover_62,1400,-538.6671478271485
ppo_random_hover_62,1500,-535.2164236450195
ppo_random_hover_62,1600,-554.3987091064453
ppo_random_hover_62,1700,-523.3508821105956
ppo_random_hover_62,1800,-520.9720738220215
ppo_random_hover_62,1900,-504.2709622192383
ppo_random_hover_62,2000,-489.8782455444336
ppo_random_hover_63,0,-5.375534508732104
ppo_random_hover_63,100,-491.75519805908203
ppo_random_hover_63,200,-518.2487756347656
ppo_random_hover_63,300,-546.9918804931641
ppo_random_hover_63,400,-559.7391262817383
ppo_random_hover_63,500,-603.0465762329102
ppo_random_hover_63,600,-558.7846194458008
ppo_random_hover_63,700,-548.4260757446289
ppo_random_hover_63,800,-536.5043371582032
ppo_random_hover_63,900,-510.35584747314454
ppo_random_hover_63,1000,-488.73520111083985
ppo_random_hover_63,1100,-503.54447357177736
ppo_random_hover_63,1200,-466.6534457397461
ppo_random_hover_63,1300,-433.91749694824216
ppo_random_hover_63,1400,-414.13490295410156
ppo_random_hover_63,1500,-344.0846969604492
ppo_random_hover_63,1600,-311.49391918182374
ppo_random_hover_63,1700,-206.5733639907837
ppo_random_hover_63,1800,-163.69198196411133
ppo_random_hover_63,1900,-114.42845764636994
ppo_random_hover_63,2000,-79.51716143369674
ppo_random_hover_64,0,-5.006070357880422
ppo_random_hover_64,100,-409.97386474609374
ppo_random_hover_64,200,-415.82827911376955
ppo_random_hover_64,300,-418.3170050048828
ppo_random_hover_64,400,-422.9150442504883
ppo_random_hover_64,500,-425.32975219726563
ppo_random_hover_64,600,-420.8426910400391
ppo_random_hover_64,700,-421.61173583984373
ppo_random_hover_64,800,-421.48447692871093
ppo_random_hover_64,900,-419.8896542358398
ppo_random_hover_64,1000,-421.4863055419922
ppo_random_hover_64,1100,-422.9382147216797
ppo_random_hover_64,1200,-419.2702191162109
ppo_random_hover_64,1300,-423.20088562011716
ppo_random_hover_64,1400,-422.2898257446289
ppo_random_hover_64,1500,-421.08569763183596
ppo_random_hover_64,1600,-421.92314056396486
ppo_random_hover_64,1700,-421.5847546386719
ppo_random_hover_64,1800,-418.97612060546874
ppo_random_hover_64,1900,-419.3629388427734
ppo_random_hover_64,2000,-421.5095495605469
ppo_random_hover_66,0,-5.375534508732104
ppo_random_hover_66,100,-515.7847738647461
ppo_random_hover_66,200,-533.5127062988281
ppo_random_hover_66,300,-524.1055328369141
ppo_random_hover_66,400,-550.7324536132812
ppo_random_hover_66,500,-643.036762084961
ppo_random_hover_66,600,-620.7198175048828
ppo_random_hover_66,700,-543.9811932373046
ppo_random_hover_66,800,-458.99619140625
ppo_random_hover_66,900,-424.7221420288086
ppo_random_hover_66,1000,-371.00338470458985
ppo_random_hover_66,1100,-252.57174728393554
ppo_random_hover_66,1200,-172.6696111679077
ppo_random_hover_66,1300,-135.35841510772704
ppo_random_hover_66,1400,-84.20572315216064
ppo_random_hover_70,0,-5.5599625907128765
ppo_random_hover_70,100,-537.8756726074218
ppo_random_hover_70,200,-498.4397674560547
ppo_random_hover_70,300,-511.9765197753906
ppo_random_hover_70,400,-499.0801760864258
ppo_random_hover_70,500,-547.3341342163086
ppo_random_hover_70,600,-448.2462596130371
ppo_random_hover_70,700,-350.32694343566897
ppo_random_hover_70,800,-130.63709632396697
ppo_random_hover_70,900,-30.51292001441121
ppo_random_hover_70,1000,-154.5504926109314
ppo_random_hover_71,0,-5.576582218032508
ppo_random_hover_71,100,-495.11415924072264
ppo_random_hover_71,200,-476.8250662231445
ppo_random_hover_71,300,-481.62503021240235
ppo_random_hover_71,400,-491.00360931396483
ppo_random_hover_71,500,-550.265719909668
ppo_random_hover_71,600,-514.3684393310547
ppo_random_hover_72,0,-5.892065319276991
ppo_random_hover_72,100,-490.50853271484374
ppo_random_hover_72,200,-532.1941830444335
ppo_random_hover_72,300,-557.0429031372071
ppo_random_hover_72,400,-604.7032028198242
ppo_random_hover_72,500,-599.1419021606446
ppo_random_hover_72,600,-628.4132122802735
ppo_random_hover_72,700,-622.1334036254883
ppo_random_hover_72,800,-621.406001586914
ppo_random_hover_72,900,-572.4123416137695
ppo_random_hover_72,1000,-541.611946105957
ppo_random_hover_72,1100,-532.313996887207
ppo_random_hover_72,1200,-503.74735931396486
ppo_random_hover_72,1300,-513.8865965270996
ppo_random_hover_72,1400,-510.1775119018555
ppo_random_hover_72,1500,-496.47240173339844
ppo_random_hover_72,1600,-448.13334869384767
ppo_random_hover_72,1700,-442.05807891845706
ppo_random_hover_72,1800,-444.22886810302737
ppo_random_hover_72,1900,-432.33671875
ppo_random_hover_72,2000,-418.40034088134763
ppo_random_hover_73,0,-4.9320641585758755
ppo_random_hover_73,100,-448.4230706787109
ppo_random_hover_73,200,-445.2180480957031
ppo_random_hover_73,300,-438.29152923583985
ppo_random_hover_73,400,-463.3058734130859
ppo_random_hover_73,500,-506.8696209716797
ppo_random_hover_73,600,-522.3262777709961
ppo_random_hover_73,700,-337.26644882202146
ppo_random_hover_73,800,-180.93072959899902
ppo_random_hover_73,900,-164.83643245697021
ppo_random_hover_73,1000,-78.27956221580506
ppo_random_hover_73,1100,-47.94359855055809
ppo_random_hover_73,1200,-46.6609334731102
ppo_random_hover_73,1300,-17.63146638855338
ppo_random_hover_73,1400,-23.508499692082406
ppo_random_hover_73,1500,-8.396611783206463
ppo_random_hover_73,1600,-1.6510114601254464
ppo_random_hover_73,1700,-12.27068681627512
ppo_random_hover_73,1800,-8.113261980339885
ppo_random_hover_73,1900,-6.096866036504507
ppo_random_hover_73,2000,-5.551864055674523
ppo_random_hover_75,0,-7.003203716838644
ppo_random_hover_75,100,-489.4531536865234
ppo_random_hover_75,200,-486.8594049072266
ppo_random_hover_75,300,-496.6000942993164
ppo_random_hover_75,400,-512.488991394043
ppo_random_hover_75,500,-548.4782437133789
ppo_random_hover_75,600,-571.5685720825195
ppo_random_hover_75,700,-620.468766784668
ppo_random_hover_75,800,-625.2927874755859
ppo_random_hover_75,900,-642.3751791381836
ppo_random_hover_75,1000,-656.9574673461914
ppo_random_hover_75,1100,-667.0154052734375
ppo_random_hover_75,1200,-685.4707177734375
ppo_random_hover_75,1300,-690.8827932739258
ppo_random_hover_75,1400,-686.165989074707
ppo_random_hover_75,1500,-685.7345071411132
ppo_random_hover_75,1600,-680.7976171875
ppo_random_hover_75,1700,-677.2331768798828
ppo_random_hover_75,1800,-690.4021697998047
ppo_random_hover_75,1900,-667.463401184082
ppo_random_hover_75,2000,-674.5425741577149
ppo_random_hover_76,0,-7.146011075625817
ppo_random_hover_76,100,-498.51155670166014
ppo_random_hover_76,200,-505.51397186279297
ppo_random_hover_76,300,-498.6656683349609
ppo_random_hover_76,400,-504.36033721923826
ppo_random_hover_76,500,-496.09925842285156
ppo_random_hover_76,600,-533.5977084350586
ppo_random_hover_76,700,-589.1026260375977
ppo_random_hover_76,800,-603.7711856079102
ppo_random_hover_76,900,-236.6996961593628
ppo_random_hover_76,1000,-85.9367586517334
ppo_random_hover_76,1100,-128.05757097244262
ppo_random_hover_76,1200,-58.947676010131836
ppo_random_hover_76,1300,-21.641069496870042
ppo_random_hover_76,1400,-26.719503537938
ppo_random_hover_76,1500,-7.432601413428784
ppo_random_hover_76,1600,-15.891865233406424
ppo_random_hover_76,1700,-11.696756206154824
ppo_random_hover_76,1800,-4.839953798986971
ppo_random_hover_78,0,-5.0067773897733
ppo_random_hover_78,100,-452.329001159668
ppo_random_hover_78,200,-448.1704382324219
ppo_random_hover_78,300,-443.24584106445315
ppo_random_hover_78,400,-426.42002349853516
ppo_random_hover_78,500,-419.2662060546875
ppo_random_hover_78,600,-418.51219757080077
ppo_random_hover_78,700,-420.3431948852539
ppo_random_hover_78,800,-423.79478424072266
ppo_random_hover_78,900,-419.52776702880857
ppo_random_hover_78,1000,-422.01949279785157
ppo_random_hover_78,1100,-422.88517578125
ppo_random_hover_78,1200,-420.7651123046875
ppo_random_hover_78,1300,-418.7988784790039
ppo_random_hover_78,1400,-416.6112985229492
ppo_random_hover_78,1500,-422.13910095214845
ppo_random_hover_78,1600,-420.4855709838867
ppo_random_hover_78,1700,-421.78410675048826
ppo_random_hover_78,1800,-420.0989093017578
ppo_random_hover_78,1900,-419.15584045410156
ppo_random_hover_78,2000,-418.50318359375
ppo_random_hover_79,0,-5.005518387648321
ppo_random_hover_79,100,-411.9574850463867
ppo_random_hover_79,200,-416.05425415039065
ppo_random_hover_79,300,-432.6588723754883
ppo_random_hover_79,400,-429.6178091430664
ppo_random_hover_79,500,-424.5584420776367
ppo_random_hover_79,600,-416.89012420654296
ppo_random_hover_79,700,-419.64137969970704
ppo_random_hover_79,800,-415.37556243896483
ppo_random_hover_79,900,-415.3963442993164
ppo_random_hover_79,1000,-415.21738006591795
ppo_random_hover_79,1100,-413.5593130493164
ppo_random_hover_79,1200,-413.9935720825195
ppo_random_hover_79,1300,-413.51468353271486
ppo_random_hover_79,1400,-413.438225402832
ppo_random_hover_79,1500,-413.3459802246094
ppo_random_hover_79,1600,-414.3692953491211
ppo_random_hover_79,1700,-414.42220428466794
ppo_random_hover_79,1800,-412.9444250488281
ppo_random_hover_79,1900,-414.0489828491211
ppo_random_hover_79,2000,-413.89771942138674
ppo_random_hover_80,0,-5.375534508732104
ppo_random_hover_80,100,-545.5426159667969
ppo_random_hover_80,200,-548.1830905151368
ppo_random_hover_80,300,-532.8969110107422
ppo_random_hover_80,400,-531.5470669555664
ppo_random_hover_80,500,-547.8300848388672
ppo_random_hover_80,600,-563.2591696166992
ppo_random_hover_80,700,-589.581401977539
ppo_random_hover_80,800,-597.5822967529297
ppo_random_hover_80,900,-618.4959506225586
ppo_random_hover_80,1000,-662.7880834960938
ppo_random_hover_80,1100,-640.0555520629882
ppo_random_hover_80,1200,-654.1819271850586
ppo_random_hover_80,1300,-677.1041128540039
ppo_random_hover_80,1400,-679.419682006836
ppo_random_hover_80,1500,-722.8889880371094
ppo_random_hover_80,1600,-711.2477752685547
ppo_random_hover_80,1700,-711.4166558837891
ppo_random_hover_80,1800,-700.823646850586
ppo_random_hover_80,1900,-704.7760140991211
ppo_random_hover_80,2000,-659.2927767944336
ppo_random_hover_81,0,-5.576582218032508
ppo_random_hover_81,100,-541.6397891235351
ppo_random_hover_81,200,-534.498996887207
ppo_random_hover_81,300,-529.7430630493164
ppo_random_hover_81,400,-534.6404034423828
ppo_random_hover_81,500,-533.6851766967774
ppo_random_hover_81,600,-532.7127639770508
ppo_random_hover_81,700,-526.0554861450196
ppo_random_hover_81,800,-551.2119830322266
ppo_random_hover_81,900,-549.3893798828125
ppo_random_hover_81,1000,-530.3145526123047
ppo_random_hover_81,1100,-545.247200012207
ppo_random_hover_81,1200,-537.0728524780274
ppo_random_hover_81,1300,-546.313960571289
ppo_random_hover_81,1400,-547.007311706543
ppo_random_hover_81,1500,-539.828952331543
ppo_random_hover_81,1600,-547.7490731811523
ppo_random_hover_81,1700,-534.5144708251953
ppo_random_hover_81,1800,-554.442594909668
ppo_random_hover_81,1900,-548.2045501708984
ppo_random_hover_81,2000,-546.8702014160157
ppo_random_hover_82,0,-5.005518387648321
ppo_random_hover_82,100,-423.5580368041992
ppo_random_hover_82,200,-425.0497149658203
ppo_random_hover_82,300,-416.93766204833986
ppo_random_hover_82,400,-414.4411376953125
ppo_random_hover_82,500,-413.9275259399414
ppo_random_hover_82,600,-411.8629229736328
ppo_random_hover_82,700,-412.6582608032227
ppo_random_hover_82,800,-412.61815368652344
ppo_random_hover_82,900,-410.3797494506836
ppo_random_hover_82,1000,-411.606891784668
ppo_random_hover_82,1100,-412.3657772827148
ppo_random_hover_82,1200,-413.0429412841797
ppo_random_hover_82,1300,-411.43985473632813
ppo_random_hover_82,1400,-412.2386575317383
ppo_random_hover_82,1500,-412.35885345458985
ppo_random_hover_82,1600,-411.0227508544922
ppo_random_hover_82,1700,-411.4428939819336
ppo_random_hover_82,1800,-412.5128073120117
ppo_random_hover_82,1900,-411.4094952392578
ppo_random_hover_82,2000,-410.9482125854492
ppo_random_hover_83,0,-5.381569364773376
ppo_random_hover_83,100,-523.3870932006836
ppo_random_hover_83,200,-517.5901461791992
ppo_random_hover_83,300,-515.2987939453125
ppo_random_hover_83,400,-518.4831018066407
ppo_random_hover_83,500,-515.1280828857422
ppo_random_hover_83,600,-514.1383813476563
ppo_random_hover_83,700,-516.5503659057617
ppo_random_hover_83,800,-519.1741415405273
ppo_random_hover_83,900,-516.0273376464844
ppo_random_hover_83,1000,-540.1490155029297
ppo_random_hover_83,1100,-535.5505340576171
ppo_random_hover_83,1200,-527.5012512207031
ppo_random_hover_83,1300,-538.3354638671875
ppo_random_hover_83,1400,-538.0239862060547
ppo_random_hover_83,1500,-541.7745040893554
ppo_random_hover_83,1600,-539.6861874389648
ppo_random_hover_83,1700,-557.877689819336
ppo_random_hover_83,1800,-566.5353512573242
ppo_random_hover_83,1900,-558.017068786621
ppo_random_hover_83,2000,-566.5224295043945
ppo_random_hover_84,0,-6.174373070044177
ppo_random_hover_84,100,-697.1657705688476
ppo_random_hover_84,200,-636.4882989501953
ppo_random_hover_84,300,-568.6710180664063
ppo_random_hover_84,400,-726.8632723999024
ppo_random_hover_84,500,-768.8298223876953
ppo_random_hover_84,600,-798.7910809326172
ppo_random_hover_84,700,-471.5049001312256
ppo_random_hover_84,800,-109.37900632858276
ppo_random_hover_84,900,-49.00517287731171
ppo_random_hover_84,1000,-33.499823900461195
ppo_random_hover_84,1100,-25.277953495979308
ppo_random_hover_84,1200,-20.667717373520137
ppo_random_hover_84,1300,-16.096275288164616
ppo_random_hover_84,1400,-3.3075867880135776
ppo_random_hover_85,0,-5.029686062818482
ppo_random_hover_85,100,-410.7026525878906
ppo_random_hover_85,200,-442.8200238037109
ppo_random_hover_85,300,-477.62745513916013
ppo_random_hover_85,400,-401.7977752685547
ppo_random_hover_85,500,-161.2356943511963
ppo_random_hover_85,600,-66.93813695907593
ppo_random_hover_85,700,-14.05328688621521
ppo_random_hover_85,800,-16.7453365534544
ppo_random_hover_85,900,-14.660694386959076
ppo_random_hover_85,1000,-12.763936770558358
ppo_random_hover_85,1100,-25.064390642642977
ppo_random_hover_85,1200,-25.047647984176873
ppo_random_hover_85,1300,-16.98478001475334
ppo_random_hover_85,1400,-20.90338986955583
ppo_random_hover_85,1500,-9.831689159870148
ppo_random_hover_85,1600,-20.677844393253327
ppo_random_hover_85,1700,-26.700583372712135
ppo_random_hover_85,1800,-42.532828501611945
ppo_random_hover_85,1900,-25.781320854201912
ppo_random_hover_85,2000,-18.198838709890843
ppo_random_hover_86,0,-4.9320641585758755
ppo_random_hover_86,100,-481.59609771728515
ppo_random_hover_86,200,-634.6568963623047
ppo_random_hover_86,300,-639.7123492431641
ppo_random_hover_86,400,-520.1567077636719
ppo_random_hover_86,500,-352.92216339111326
ppo_random_hover_86,600,-43.425144724845886
ppo_random_hover_86,700,-20.681878690123558
ppo_random_hover_86,800,-8.462686141096055
ppo_random_hover_86,900,-16.383394764363764
ppo_random_hover_86,1000,-14.009379533529282
ppo_random_hover_86,1100,-10.679455890208482
ppo_random_hover_86,1200,-17.094144583269955
ppo_random_hover_86,1300,-28.753293341696263
ppo_random_hover_86,1400,-25.665873364657163
ppo_random_hover_86,1500,-10.379920555651188
ppo_random_hover_86,1600,-5.403203189447522
ppo_random_hover_86,1700,-16.606991357803345
ppo_random_hover_86,1800,-3.004959087371826
ppo_random_hover_86,1900,-1.7661033657193184
ppo_random_hover_86,2000,-11.810706241130829
ppo_random_hover_87,0,-6.91129958328037
ppo_random_hover_87,100,-506.16948272705076
ppo_random_hover_87,200,-516.4582705688476
ppo_random_hover_87,300,-513.652954711914
ppo_random_hover_87,400,-533.9103289794922
ppo_random_hover_87,500,-514.6524755859375
ppo_random_hover_87,600,-512.9692001342773
ppo_random_hover_87,700,-518.0613351440429
ppo_random_hover_87,800,-529.6359970092774
ppo_random_hover_87,900,-544.7451937866211
ppo_random_hover_87,1000,-540.5077987670899
ppo_random_hover_87,1100,-517.6645260620118
ppo_random_hover_87,1200,-519.2384600830078
ppo_random_hover_87,1300,-522.8722128295899
ppo_random_hover_87,1400,-514.1946682739258
ppo_random_hover_87,1500,-517.704991760254
ppo_random_hover_87,1600,-514.2025842285157
ppo_random_hover_87,1700,-512.8455996704101
ppo_random_hover_87,1800,-504.0014669799805
ppo_random_hover_87,1900,-541.0178421020507
ppo_random_hover_87,2000,-511.2413339233398
ppo_random_hover_88,0,-5.031326884137733
ppo_random_hover_88,100,-409.05776763916015
ppo_random_hover_88,200,-412.0811666870117
ppo_random_hover_88,300,-411.81374694824217
ppo_random_hover_88,400,-412.6408712768555
ppo_random_hover_88,500,-411.62254638671874
ppo_random_hover_88,600,-412.8942318725586
ppo_random_hover_88,700,-413.4086166381836
ppo_random_hover_88,800,-411.52185821533203
ppo_random_hover_88,900,-413.026676940918
ppo_random_hover_88,1000,-412.1830337524414
ppo_random_hover_88,1100,-410.31849578857424
ppo_random_hover_88,1200,-412.33473236083984
ppo_random_hover_88,1300,-412.4051382446289
ppo_random_hover_88,1400,-411.0831042480469
ppo_random_hover_88,1500,-412.05204132080075
ppo_random_hover_88,1600,-410.84202880859374
ppo_random_hover_88,1700,-411.6818243408203
ppo_random_hover_88,1800,-411.6112356567383
ppo_random_hover_88,1900,-411.37053955078125
ppo_random_hover_88,2000,-411.77022216796877
ppo_random_hover_89,0,-9.386874911153601
ppo_random_hover_89,100,-485.83370330810544
ppo_random_hover_89,200,-487.5384881591797
ppo_random_hover_89,300,-494.7620236206055
ppo_random_hover_89,400,-489.990983581543
ppo_random_hover_89,500,-490.3589837646484
ppo_random_hover_89,600,-493.8018859863281
ppo_random_hover_89,700,-487.4862219238281
ppo_random_hover_89,800,-491.1140417480469
ppo_random_hover_89,900,-486.7593472290039
ppo_random_hover_89,1000,-488.41815704345703
ppo_random_hover_89,1100,-487.96510437011716
ppo_random_hover_89,1200,-490.757561340332
ppo_random_hover_89,1300,-491.10304138183596
ppo_random_hover_89,1400,-487.55068634033205
ppo_random_hover_89,1500,-488.5086993408203
ppo_random_hover_89,1600,-488.8660314941406
ppo_random_hover_89,1700,-483.7291262817383
ppo_random_hover_89,1800,-486.96113037109376
ppo_random_hover_89,1900,-489.50219299316404
ppo_random_hover_89,2000,-485.2703311157227
ppo_random_hover_90,0,-6.165072067330281
ppo_random_hover_90,100,-497.93187133789064
ppo_random_hover_90,200,-486.66002685546874
ppo_random_hover_90,300,-481.7105828857422
ppo_random_hover_90,400,-484.79941711425784
ppo_random_hover_90,500,-477.1782037353516
ppo_random_hover_90,600,-498.68637786865236
ppo_random_hover_90,700,-483.20518280029296
ppo_random_hover_90,800,-486.7448342895508
ppo_random_hover_90,900,-479.2596646118164
ppo_random_hover_90,1000,-483.6276773071289
ppo_random_hover_90,1100,-484.6770504760742
ppo_random_hover_90,1200,-484.1298797607422
ppo_random_hover_90,1300,-479.78922760009766
ppo_random_hover_90,1400,-485.6423815917969
ppo_random_hover_90,1500,-487.91256561279295
ppo_random_hover_90,1600,-480.91520751953124
ppo_random_hover_90,1700,-480.2440515136719
ppo_random_hover_90,1800,-481.5137237548828
ppo_random_hover_90,1900,-490.9268829345703
ppo_random_hover_90,2000,-487.3678582763672
ppo_random_hover_91,0,-5.028519476985648
ppo_random_hover_91,100,-430.88312164306643
ppo_random_hover_91,200,-434.72649444580077
ppo_random_hover_91,300,-438.012692565918
ppo_random_hover_91,400,-437.4597128295898
ppo_random_hover_91,500,-446.09468505859377
ppo_random_hover_91,600,-447.7484246826172
ppo_random_hover_91,700,-456.6644137573242
ppo_random_hover_91,800,-452.46241882324216
ppo_random_hover_91,900,-454.95788940429685
ppo_random_hover_91,1000,-481.94849884033204
ppo_random_hover_91,1100,-518.9352258300781
ppo_random_hover_91,1200,-543.7381634521485
ppo_random_hover_91,1300,-548.9171441650391
ppo_random_hover_91,1400,-541.9295822143555
ppo_random_hover_91,1500,-513.818969116211
ppo_random_hover_91,1600,-472.61533935546873
ppo_random_hover_91,1700,-445.27156784057615
ppo_random_hover_91,1800,-431.0350979614258
ppo_random_hover_91,1900,-389.4513868713379
ppo_random_hover_91,2000,-362.97255340576174
ppo_random_hover_92,0,-9.381455661108097
ppo_random_hover_92,100,-1886.0794854736328
ppo_random_hover_92,200,-1878.8158578491211
ppo_random_hover_92,300,-1835.9571697998047
ppo_random_hover_92,400,-1686.8353344726563
ppo_random_hover_92,500,-1807.0424517822266
ppo_random_hover_92,600,-1785.165310974121
ppo_random_hover_93,0,-6.960982663468236
ppo_random_hover_93,100,-1229.968804321289
ppo_random_hover_93,200,-1203.0011767578126
ppo_random_hover_93,300,-1048.847964477539
ppo_random_hover_93,400,-1290.1108905029296
ppo_random_hover_93,500,-999.0700103759766
ppo_random_hover_93,600,-835.8038507080078
ppo_random_hover_94,0,-5.394093171649036
ppo_random_hover_94,100,-490.99690490722656
ppo_random_hover_94,200,-495.65105895996095
ppo_random_hover_94,300,-493.83557373046875
ppo_random_hover_94,400,-510.92578582763673
ppo_random_hover_94,500,-515.1981158447265
ppo_random_hover_94,600,-523.5089242553711
ppo_random_hover_94,700,-585.5742123413086
ppo_random_hover_94,800,-602.3586096191407
ppo_random_hover_94,900,-608.3490002441406
ppo_random_hover_94,1000,-634.0325296020508
ppo_random_hover_94,1100,-667.4861248779297
ppo_random_hover_94,1200,-695.8333700561524
ppo_random_hover_94,1300,-480.8833805847168
ppo_random_hover_94,1400,-183.0143571472168
ppo_random_hover_94,1500,-122.52587421558798
ppo_random_hover_94,1600,-74.05007738769055
ppo_random_hover_94,1700,-37.23945848673582
ppo_random_hover_94,1800,-22.44251256659627
ppo_random_hover_94,1900,-7.277443488221616
ppo_random_hover_94,2000,-15.921338563337923
ppo_random_hover_95,0,-6.136608531964677
ppo_random_hover_95,100,-600.5462454223633
ppo_random_hover_95,200,-584.3838967895508
ppo_random_hover_95,300,-629.5153555297852
ppo_random_hover_95,400,-624.7811721801758
ppo_random_hover_95,500,-601.2144827270508
ppo_random_hover_95,600,-619.606344909668
ppo_random_hover_95,700,-74.96604397773743
ppo_random_hover_95,800,-12.299827010035514
ppo_random_hover_95,900,-4.954358243942261
ppo_random_hover_95,1000,-0.12646495759487153
ppo_random_hover_95,1100,-2.4008301774039866
ppo_random_hover_95,1200,-6.052657887041569
ppo_random_hover_95,1300,-4.826135583817959
ppo_random_hover_95,1400,-19.097643714249134
ppo_random_hover_96,0,-7.003203716838644
ppo_random_hover_96,100,-512.8970043945312
ppo_random_hover_96,200,-492.0141244506836
ppo_random_hover_96,300,-485.30693420410154
ppo_random_hover_96,400,-498.93919952392577
ppo_random_hover_96,500,-488.6199624633789
ppo_random_hover_96,600,-492.73756256103513
ppo_random_hover_96,700,-580.8309664916992
ppo_random_hover_96,800,-626.9563265991211
ppo_random_hover_96,900,-562.4189810180665
ppo_random_hover_96,1000,-511.66047637939454
ppo_random_hover_96,1100,-460.73857513427737
ppo_random_hover_96,1200,-259.4508016204834
ppo_random_hover_96,1300,-152.84539850234987
ppo_random_hover_96,1400,-129.38405710220337
ppo_random_hover_96,1500,-97.8143855881691
ppo_random_hover_96,1600,-72.69713245868682
ppo_random_hover_96,1700,-62.13923078894615
ppo_random_hover_96,1800,-81.10721852779389
ppo_random_hover_96,1900,-80.12936893850565
ppo_random_hover_96,2000,-50.951131173968314
ppo_random_hover_98,0,-9.433677532665786
ppo_random_hover_98,100,-508.0562258911133
ppo_random_hover_98,200,-499.6905633544922
ppo_random_hover_98,300,-510.9505419921875
ppo_random_hover_98,400,-602.659340209961
ppo_random_hover_98,500,-588.1809735107422
ppo_random_hover_98,600,-625.5266445922852
ppo_random_hover_98,700,-631.8928860473633
ppo_random_hover_98,800,-621.8136837768554
ppo_random_hover_98,900,-597.4755514526368
ppo_random_hover_98,1000,-623.9730735778809
ppo_random_hover_98,1100,-565.5918273925781
ppo_random_hover_98,1200,-529.3927568054199
ppo_random_hover_98,1300,-474.3258651733398
ppo_random_hover_98,1400,-481.695634765625
ppo_random_hover_98,1500,-450.4674948120117
ppo_random_hover_98,1600,-380.45052925109866
ppo_random_hover_98,1700,-353.856833114624
ppo_random_hover_98,1800,-283.0528371429443
ppo_random_hover_98,1900,-223.77089038848877
ppo_random_hover_98,2000,-195.18811641693117
ppo_random_hover_99,0,-7.003203716838644
ppo_random_hover_99,100,-516.5232168579101
ppo_random_hover_99,200,-496.8984057617188
ppo_random_hover_99,300,-498.9806625366211
ppo_random_hover_99,400,-492.94597290039064
ppo_random_hover_99,500,-484.3977178955078
ppo_random_hover_99,600,-495.5881991577148
ppo_random_hover_99,700,-523.5987557983399
ppo_random_hover_99,800,-518.6632077026367
ppo_random_hover_99,900,-539.8783407592773
ppo_random_hover_99,1000,-572.3089376831055
ppo_random_hover_99,1100,-574.3685488891601
ppo_random_hover_99,1200,-575.7840106201172
ppo_random_hover_99,1300,-600.5644256591797
ppo_random_hover_99,1400,-594.5394827270508
ppo_random_hover_99,1500,-604.9272286987305
ppo_random_hover_99,1600,-602.689462890625
ppo_random_hover_99,1700,-566.0995175170898
ppo_random_hover_99,1800,-583.7583609008789
ppo_random_hover_99,1900,-573.1359518432618
ppo_random_hover_99,2000,-590.2701461791992
ppo_random_hover_100,0,-9.403674160972948
ppo_random_hover_100,100,-487.8051211547852
ppo_random_hover_100,200,-490.92574310302734
ppo_random_hover_100,300,-487.1796932983398
ppo_random_hover_100,400,-489.089609375
ppo_random_hover_100,500,-486.97203125
ppo_random_hover_100,600,-490.5005187988281
ppo_random_hover_100,700,-491.881653137207
ppo_random_hover_100,800,-488.5601205444336
ppo_random_hover_100,900,-493.68257904052734
ppo_random_hover_100,1000,-493.44299560546875
ppo_random_hover_100,1100,-500.41922149658205
ppo_random_hover_100,1200,-499.460940246582
ppo_random_hover_100,1300,-509.6928158569336
ppo_random_hover_100,1400,-512.4247222900391
ppo_random_hover_100,1500,-524.9882345581054
ppo_random_hover_100,1600,-545.0177166748047
ppo_random_hover_100,1700,-574.2843606567383
ppo_random_hover_100,1800,-580.7663381958008
ppo_random_hover_100,1900,-618.5992147827149
ppo_random_hover_100,2000,-611.2584899902344
