80.02, 0.05477186088964997, 0.0, 0.0, 0.0, 0.0, 0.0005641386400504516, -3.787237521746256e-05, 0.0005016326904296875, 0.0, 0.0, -41.0
81.04, 0.041909166543398484, 0.04, 0.0, 0.21, 0.06006758660078049, -0.0005736272134775098, 0.012809609137272693, 0.0004999637603759766, -12.8, 0.0, 0.0
82.06, 0.017981529620655554, 0.22, 0.0, 0.53, -0.058755990117788315, 0.0004688521040182748, 0.02650464792917906, 0.0005002021789550781, -1.8, 0.0, 0.0
83.08, 0.04162891197483447, 0.35, -0.0, 0.75, 0.06496890634298325, -0.0003077203887629488, 0.038389323997356506, 0.0005035400390625, 0.5, 0.0, 0.0
84.1, 0.06890765534776164, 0.4700000000000001, -0.01, 0.8400000000000001, -0.08732834085822105, 0.0016277203715664545, 0.04820628489731815, 0.0, -5.1, 0.0, -38.0
85.12, 0.07290954058398856, 0.5599999999999998, 0.0, 0.8300000000000001, 0.09788617119193077, -0.0006024932111877611, 0.05563552113931802, 0.0005035400390625, -0.6, 0.0, 0.0
86.14, 0.06807117799314215, 0.6300000000000001, 0.0, 0.7799999999999998, -0.09026629105210304, 0.0005257079384757079, 0.06115024279720904, 0.0005013942718505859, -1.1, 0.0, 0.0
87.16, 0.050401376025925176, 0.6699999999999999, 0.01, 0.6599999999999997, 0.0859265886247158, -0.0014545394421181942, 0.06693764030442151, 0.0005004405975341797, -2.7, 0.0, 0.0
88.18, 0.049563895536014514, 0.7200000000000002, 0.01, 0.5, -0.07985258102416992, 0.0006637877517497407, 0.07281210900107538, 0.0004999637603759766, 0.0, 0.0, -39.0
89.2, 0.05050398010425985, 0.75, 0.0, 0.28000000000000025, 0.07346942648291588, -0.00017058327171920687, 0.07643196043928291, 0.0005037784576416016, 2.1, 0.0, 0.0
90.22, 0.05799723575686011, 0.7599999999999998, 0.0, 0.07000000000000028, -0.07113473117351532, 0.0014641528936140819, 0.07953409420577207, 0.0004999637603759766, 0.0, 0.0, 0.0
91.24, 0.05932260076088219, 0.75, 0.0, -0.16999999999999993, 0.06348600424826145, 0.00058464652724181, 0.08171180236698361, 0.0004999637603759766, 3.2, 0.0, 0.0
92.26, 0.062174648049026456, 0.7400000000000002, 0.0, -0.3700000000000001, -0.05844025872647762, 0.0010396053687599701, 0.0822644520253002, 0.0005013942718505859, 0.0, 0.0, -37.0
93.28, 0.068768479123496, 0.7000000000000002, 0.0, -0.5700000000000003, 0.05297253653407097, 0.0007081750109511846, 0.07982683658498457, 0.0004925727844238281, -8.3, 0.0, 0.0
94.3, 0.06450630150036835, 0.6499999999999995, -0.01, -0.6999999999999997, -0.050506921485066414, 0.0005547077314518913, 0.07821829707117356, 0.0, -1.1, 0.0, 0.0
95.32, 0.06463357506635366, 0.5999999999999996, 0.01, -0.81, 0.05308493226766586, -0.0006362456103591654, 0.0697643344878125, 0.0005037784576416016, 0.0, 0.0, 0.0
96.34, 0.06239977862841922, 0.47000000000000064, -0.02, -0.8500000000000001, -0.057655055075883865, 0.0043391653715877075, 0.061641406304789204, 0.0005035400390625, -0.5, 0.0, -29.0
97.36, 0.029131048195449264, 0.41000000000000014, -0.01, -0.8200000000000001, 0.05578455701470375, -0.00030288089666392123, 0.0545481572715063, 0.0004999637603759766, 0.0, 0.0, 0.0
98.38, 0.026086346157148933, 0.3100000000000005, 0.01, -0.6699999999999999, -0.04887199029326439, -0.0007411685117330094, 0.04179028408645813, 0.0005002021789550781, -8.0, 0.0, 0.0
99.4, 0.025587210220325965, 0.17999999999999972, 0.01, -0.41, 0.04753617383539677, -0.0006421666944566039, 0.02676395876275217, 0.0005016326904296875, -7.9, 0.0, 0.0
100.42, 0.022360679774996627, 0.02999999999999936, 0.0, -0.08, -0.05243619345128536, 0.0005032994510529807, 0.011546811251837985, 0.0005033016204833984, 0.0, 0.0, 0.0
101.44, 0.022360679774996627, -0.009999999999999787, 0.0, 0.0, 0.055870262905955315, -0.0008599925723705166, 0.01814669740137309, 0.0005011558532714844, -5.2, 0.0, 0.0
102.46, 0.024494897427855915, 0.0, 0.0, 0.0, -0.05559072457253933, 0.0006003554838522365, 0.014196452044996644, 0.000499725341796875, -4.699999999999999, 0.0, 0.0
103.48, 0.02449489742781458, 0.0, 0.0, -0.0, 0.055452365428209305, -0.0005574978775787339, 0.015976330459446686, 0.0005016326904296875, -4.8, 0.0, 0.0
104.5, 0.024494897427830533, 0.0, 0.0, 0.0, -0.055290184915065765, 0.00044108345737371566, 0.01567710901583963, 0.0005004405975341797, 0.0, 0.0, 0.0
105.52, 0.02449489742784685, 0.0, 0.0, -0.0, 0.055438579991459846, -0.0003624595275589143, 0.01533767067192393, 0.0005002021789550781, -2.4, 0.0, 0.0
106.54, 0.02449489742780515, 0.0, -0.0, 0.0, -0.055404968559741974, 0.0003487322147894555, 0.01583999772251965, 0.0005002021789550781, 0.0, 0.0, 0.0
107.56, 0.024494897427821107, 0.0, 0.0, -0.0, 0.055523570626974106, -0.0003174133676166357, 0.015455527445651596, 0.0005059242248535156, 1.1, 0.0, 0.0
108.58, 0.02449489742783851, 0.0, -0.0, 0.0, -0.05554252117872238, 0.0003374862758518639, 0.015647499660797592, 0.0005013942718505859, -3.9, 0.0, 0.0
109.6, 0.024494897427853015, 0.0, 0.0, -0.0, 0.05556618794798851, -0.00032551616818036756, 0.015626577307992218, 0.0005040168762207031, 14.4, 0.0, 0.0
110.62, 0.03201473053646567, 0.0, 0.01, 0.02, -0.05543128959834576, -0.0025502712189732035, 0.012824922747518785, 0.0005021095275878906, 0.19999999999999996, 0.0, 0.0
111.64, 0.03838889693581505, -0.08000000000000007, 0.060000000000000005, 0.08, 0.060819847509264946, -0.010623266656357946, 0.004666072453951564, 0.0005011558532714844, -4.7, 0.0, 0.0
112.66, 0.052595139377834964, -0.13000000000000078, 0.13999999999999999, 0.16, -0.05973501317203045, -0.016306689415822972, -0.00159462006676514, 0.0005021095275878906, -3.5999999999999996, 0.0, -20.0
113.68, 0.06163736631845245, -0.1999999999999993, 0.19000000000000003, 0.2, 0.07732163183391094, -0.02304423587882931, -0.006638708279535166, 0.0005013942718505859, -4.5, 0.0, -23.0
114.7, 0.07161831333908586, -0.2400000000000002, 0.25, 0.23999999999999994, -0.07301968336105347, -0.026887971326882417, -0.012332827589071726, 0.0, 0.0, 0.0, -33.0
115.72, 0.06866052866076233, -0.28999999999999915, 0.29999999999999993, 0.25, 0.0898226648569107, -0.033658837104939714, -0.016015902516195002, 0.0005030632019042969, 1.6, 0.0, -40.0
116.74, 0.0748958931923706, -0.33999999999999986, 0.3400000000000001, 0.27, -0.07832716032862663, -0.036784838900106545, -0.01960007328888591, 0.0005035400390625, 0.0, 0.0, -45.0
117.76, 0.0758904842658011, -0.370000000000001, 0.3699999999999999, 0.25, 0.09467047825455666, -0.04378478086324295, -0.021612420465909388, 0.0004994869232177734, 0.0, 0.0, -33.0
118.78, 0.08334901313338647, -0.40999999999999925, 0.4099999999999999, 0.25, -0.08055384852923453, -0.04675963410726593, -0.023166342839743725, 0.0004999637603759766, -12.1, 0.0, -32.0
119.8, 0.07613669029036456, -0.4300000000000006, 0.43999999999999995, 0.20999999999999996, 0.09706505783833563, -0.05390166783712925, -0.023088934270604655, 0.0005035400390625, 0.09999999999999998, 0.0, -33.0
120.82, 0.08698853412316623, -0.45999999999999996, 0.4600000000000004, 0.19999999999999996, -0.07973098196089268, -0.05666237266236157, -0.022375726008324603, 0.0005037784576416016, 2.2, 0.0, -33.0
121.84, 0.08892905095343552, -0.47999999999999954, 0.48, 0.1499999999999999, 0.09352000989019871, -0.06292348005821508, -0.019890432513648637, 0.0005016326904296875, 0.0, 0.0, -28.999999999999996
122.86, 0.0906117683993821, -0.5, 0.5, 0.1200000000000001, -0.0742480680346489, -0.0648610598172441, -0.016373657300459588, 0.0005013942718505859, 0.0, 0.0, -23.0
123.88, 0.0938716273047595, -0.5100000000000007, 0.5, 0.07000000000000028, 0.08604203164577484, -0.06963653602738909, -0.011198340735993462, 0.0005011558532714844, -0.7, 0.0, 0.0
124.9, 0.0951948171327365, -0.5099999999999998, 0.5, 0.029999999999999805, -0.07119731605052948, -0.07016309478888902, -0.0052429230574642105, 0.0005013942718505859, -1.9, 0.0, 0.0
125.92, 0.09625329632951518, -0.5099999999999998, 0.5099999999999998, -0.020000000000000018, 0.07770846784114838, -0.07266652665304218, 0.0018075771982069, 0.0005037784576416016, -0.6, 0.0, 0.0
126.94, 0.0853530680245023, -0.5099999999999998, 0.5, -0.06000000000000005, -0.0720222219824791, -0.07081468956983343, 0.00887022940166804, 0.0, 0.5, 0.0, 0.0
127.96, 0.08640365086787251, -0.4900000000000002, 0.5, -0.10999999999999988, 0.07041390985250473, -0.07041391343041015, 0.01619574854198813, 0.0, 0.0, 0.0, 0.0
128.98, 0.0767163552715435, -0.4900000000000002, 0.4800000000000004, -0.14000000000000012, -0.07571224868297577, -0.06579060168678323, 0.022677545542972855, 0.0005013942718505859, -1.8, 0.0, 0.0
130.0, 0.07290821199923693, -0.45999999999999996, 0.45999999999999996, -0.18999999999999995, 0.06650135666131973, -0.06295020338940853, 0.028612141675876224, 0.0004985332489013672, 0.0, 0.0, 0.0
131.02, 0.06313561837278679, -0.43999999999999995, 0.4299999999999997, -0.20999999999999996, -0.08024930953979492, -0.05634143299301656, 0.03307199303934194, 0.0, 0.0, 0.0, 0.0
132.04, 0.06273512995166458, -0.4099999999999999, 0.41000000000000014, -0.25, 0.06625714153051376, -0.05215930761979229, 0.03657870323262746, 0.0004992485046386719, 0.7999999999999998, 0.0, 0.0
133.06, 0.055034576752648556, -0.3799999999999999, 0.39000000000000057, -0.25, -0.0835273340344429, -0.04468377890663217, 0.03862926529143551, 0.0005011558532714844, -1.0, 0.0, 0.0
134.08, 0.059832642781420725, -0.3400000000000001, 0.33999999999999986, -0.27, 0.06616564095020294, -0.04001724021520274, 0.03932610705924833, 0.0005011558532714844, 0.5, 0.0, 0.0
135.1, 0.05715389721881266, -0.31000000000000005, 0.3099999999999987, -0.25, -0.0814540321007371, -0.03235077812958102, 0.03794231688835148, 0.0005013942718505859, -0.5, 0.10000000000000142, 0.0
136.12, 0.056144005033107826, -0.25999999999999995, 0.2599999999999998, -0.25, 0.06196837220340967, -0.02685942483281173, 0.03573712304300036, 0.0005013942718505859, 0.30000000000000004, 0.0, 0.0
137.14, 0.0461377140198199, -0.2, 0.20000000000000107, -0.2, -0.07264266442507505, -0.01899516349665371, 0.031680639201038696, 0.0005011558532714844, -0.5, 0.0, 0.0
138.16, 0.03817204397145815, -0.15, 0.15000000000000036, -0.16999999999999998, 0.05507917609065771, -0.013073004233892578, 0.027048634612843347, 0.0005035400390625, 0.0, 0.0, 0.0
139.18, 0.04340305874731433, -0.09000000000000001, 0.08999999999999986, -0.1, -0.06572609301656485, -0.005152862396621254, 0.021164645057112796, 0.0, -0.5, 0.0, 0.0
140.2, 0.04358898943538176, -0.02, 0.02999999999999936, -0.03, 0.052717468701303005, 0.000977593132397459, 0.014884641002728127, 0.0005013942718505859, -2.9999999999999996, 0.0, -21.0
141.22, 0.04358898943540621, 0.02, -0.009999999999999787, 0.0, -0.06374173797667027, 0.001434116132635166, 0.016644765292591845, 0.0005013942718505859, 0.0, 0.0, -10.0
142.24, 0.03605551275464652, 0.0, 0.0, 0.0, 0.0550516564399004, -0.0002666958447949895, 0.014766095912979837, 0.000499725341796875, 0.0, 0.0, -22.0
143.26, 0.031622776601681994, 0.0, 0.0, 0.0, -0.05805530212819576, 7.929118883251393e-05, 0.016025580979695198, 0.0004994869232177734, -7.2, 0.0, 0.0
144.28, 0.01999999999999602, 0.0, 0.0, -0.0, 0.05544786527752876, -0.0005205342167701391, 0.015331230692433362, 0.0005004405975341797, -8.3, 0.0, 0.0
145.3, 0.01999999999999602, -0.01, 0.0, 0.0, -0.0563404131680727, 0.00014394459459527584, 0.015581006201091263, 0.0005028247833251953, 0.0, 0.0, 0.0
146.32, 0.024494897427853015, 0.0, 0.0, -0.0, 0.05553494952619076, -0.00045237116855835615, 0.015655756908831364, 0.0004999637603759766, 0.5, 0.0, 0.0
147.34, 0.024494897427810955, 0.0, 0.0, 0.0, -0.055838385596871376, 0.0002676020975108077, 0.015470138259634503, 0.0005004405975341797, -6.6, 0.0, 0.0
148.36, 0.02449489742776889, 0.0, 0.0, -0.0, 0.0555623397231102, -0.0004051371723846589, 0.0156952961828678, 0.0005011558532714844, 0.0, 0.0, 0.0
149.38, 0.024494897427844314, 0.0, 0.0, 0.0, -0.055640244856476784, 0.00032970232451309887, 0.015515156396284535, 0.0005006790161132812, -7.0, 0.0, 0.0
150.4, 0.0244948974278008, 0.0, 0.0, -0.0, 0.055571310222148895, -0.0003757926058836863, 0.01566429662621327, 0.0, -5.1, 0.0, 0.0
151.42, 0.02449489742787332, 0.0, 0.0, 0.0, -0.05560967139899731, 0.0003699997876796932, 0.015538862490530603, 0.0005061626434326172, -7.9, 0.0, 0.0
152.44, 0.02449489742783271, 0.0, 0.0, -0.0, 0.05558623559772968, -0.0003531240686250282, 0.015662498025020843, 0.0005016326904296875, -8.3, 0.0, 0.0
153.46, 0.0244948974277921, 0.0, 0.0, 0.0, -0.055590350180864334, 0.0003672783763631731, 0.015552094919458082, 0.0005009174346923828, 0.0, 0.0, 0.0
154.48, 0.02449489742786752, 0.0, 0.0, -0.0, 0.05558127164840698, -0.0003507116479461723, 0.015651372318530754, 0.0004999637603759766, -2.0, 0.0, -26.0
155.5, 0.024494897427826907, 0.0, 0.0, 0.0, -0.05557943508028984, 0.0003637737033285843, 0.015564481706009214, 0.0005025863647460938, -0.5, 0.0, 0.0
156.52, 0.024494897427780497, 0.0, 0.0, -0.0, 0.05557936802506447, -0.000348129019351202, 0.01564930122480912, 0.0005002021789550781, 0.0, 0.0, 0.0
157.54, 0.024494897427855915, 0.0, 0.0, 0.0, -0.05557677708566189, 0.0003610131925017278, 0.015562710913064715, 0.000499725341796875, 0.0, 0.0, 0.0
158.56, 0.024494897427821107, 0.0, 0.0, -0.0, 0.055585138499736786, -0.00034702008341671464, 0.015660264237075117, 0.0, -10.3, 0.0, 0.0
159.58, 0.024494897427774696, 0.0, 0.0, 0.0, -0.05558313429355621, 0.0003585551486338732, 0.015567360353620163, 0.0005002021789550781, 0.0, 0.0, 0.0
160.6, 0.02898553184495955, -0.0, 0.0, -0.02, 0.05469862185418606, -0.003089544816933476, 0.01285810017311051, 0.0005016326904296875, 0.0, 0.09999999999999432, 0.0
161.62, 0.035394063575109005, -0.07, -0.08000000000000007, -0.09, -0.04972710274159908, -0.009883103151600042, 0.0041925510161398005, 0.000499725341796875, -1.0, 0.0, -22.0
162.64, 0.05121918893101254, -0.13, -0.14000000000000057, -0.15000000000000002, 0.0550541989505291, -0.017293536970167632, -0.00243337239292174, 0.0005035400390625, -7.0, 0.0, 2.0
163.66, 0.05525685101997817, -0.19, -0.1999999999999993, -0.2, -0.043216616846621037, -0.022862550968401788, -0.007034192120050964, 0.0004990100860595703, 0.5, 0.0, 0.0
164.68, 0.07244082241610096, -0.25, -0.2400000000000002, -0.22999999999999993, 0.05386981088668108, -0.029403205896010157, -0.011822864665806065, 0.0005011558532714844, -2.4, 0.0, 0.0
165.7, 0.07519914781323127, -0.29999999999999993, -0.28999999999999915, -0.26, -0.04208783799549565, -0.03450568091097307, -0.016501918717487074, 0.0004994869232177734, 1.0, 0.0, 0.0
166.72, 0.07657878523497806, -0.3400000000000001, -0.3200000000000003, -0.26, 0.053334150405135006, -0.040349095711149294, -0.019747413478505838, 0.0005013942718505859, 0.0, 0.0, 0.0
167.74, 0.07028369097878362, -0.3799999999999999, -0.370000000000001, -0.25, -0.039408241398632526, -0.04478987492051779, -0.022804163019028767, 0.0005028247833251953, -6.8, 0.0, 0.0
168.76, 0.06088443373380243, -0.4099999999999999, -0.39999999999999947, -0.25, 0.05158574599772692, -0.050168494934981406, -0.024605856813550542, 0.0005016326904296875, -4.2, 0.0, -28.999999999999996
169.78, 0.052799148464466095, -0.43000000000000016, -0.4400000000000004, -0.21999999999999997, -0.03297019004821777, -0.0543454007835233, -0.02503996819239407, 0.0005009174346923828, 1.4, -0.09999999999999432, 0.0
170.8, 0.046702559412385346, -0.45999999999999996, -0.45999999999999996, -0.19000000000000017, 0.04900691658258438, -0.0594469648408129, -0.02396334799106925, 0.0004999637603759766, -1.6, 0.0, 0.0
171.82, 0.05058600468852775, -0.48, -0.47999999999999954, -0.1599999999999997, -0.031315192580223083, -0.06306533767335754, -0.021590076903742483, 0.0005028247833251953, -7.7, 0.0, 0.0
172.84, 0.05240910828250885, -0.4900000000000002, -0.4900000000000002, -0.11000000000000032, 0.04874841868877411, -0.06709923817022712, -0.017615221078497667, 0.0004982948303222656, -0.5, 0.0, 0.0
173.86, 0.05168006133645324, -0.49999999999999956, -0.5099999999999998, -0.08000000000000007, -0.035616084933280945, -0.06916183457023686, -0.012629815314606274, 0.0005047321319580078, -1.6, 0.0, 0.0
174.88, 0.06251741351852551, -0.5100000000000007, -0.5099999999999998, -0.029999999999999805, 0.05202346295118332, -0.07135465030783053, -0.006447492314684222, 0.0005025863647460938, -3.8, 0.0, 0.0
175.9, 0.06286637808009744, -0.5, -0.5200000000000005, 0.020000000000000018, -0.048145487904548645, -0.07081331698424373, 0.00033897345953359803, 0.000499725341796875, -3.4, 0.0, -27.0
176.92, 0.06096013389577529, -0.5099999999999998, -0.5, 0.06999999999999984, 0.05765960365533829, -0.0710091543829461, 0.00782478836738032, 0.0005002021789550781, -5.6, 0.0, 0.0
177.94, 0.0633054095728971, -0.4900000000000002, -0.5, 0.10000000000000009, -0.06122732162475586, -0.06780301832827364, 0.014711901065886934, 0.0, -0.5, 0.0, 0.0
178.96, 0.06671292097127954, -0.47999999999999954, -0.48, 0.1499999999999999, 0.05707413703203201, -0.06543332830940217, 0.021447031361976787, 0.0005016326904296875, -1.0, 0.0, 0.0
179.98, 0.0687849935561195, -0.45999999999999996, -0.46999999999999975, 0.19000000000000017, -0.06948716565966606, -0.059864253068663116, 0.02680298754014543, 0.0, 1.0, 0.0, 0.0
181.0, 0.07534082558611499, -0.4500000000000002, -0.43999999999999995, 0.20999999999999996, 0.05988172069191933, -0.05614129600828511, 0.031334316195396505, 0.0005009174346923828, 0.0, 0.0, 0.0
182.02, 0.0801408282777372, -0.41000000000000014, -0.41000000000000014, 0.24, -0.07660819590091705, -0.04928547009672725, 0.034338100901132096, 0.0005033016204833984, -0.6, 0.0, -16.0
183.04, 0.08665805020982749, -0.39000000000000057, -0.3799999999999999, 0.25, 0.06351114809513092, -0.0447923487844872, 0.0363345911134505, 0.0005033016204833984, -9.6, 0.0, 1.0
184.06, 0.09108826340853615, -0.33999999999999986, -0.3500000000000001, 0.26, -0.07823769189417362, -0.03719035052844349, 0.03683552247762556, 0.000499725341796875, 0.0, 0.0, 0.0
185.08, 0.09248352397886778, -0.3099999999999987, -0.30000000000000004, 0.25, 0.061070213094353676, -0.0323872734552395, 0.03655206646409637, 0.0005016326904296875, -0.6, 0.0, 0.0
186.1, 0.07942426100112873, -0.2599999999999998, -0.25999999999999995, 0.24, -0.07500375993549824, -0.024745967072079142, 0.03369900477403953, 0.0005033016204833984, 1.7999999999999998, 0.0, 0.0
187.12, 0.06338216090721041, -0.21000000000000085, -0.21000000000000002, 0.21000000000000002, 0.05869671888649464, -0.019502751380791637, 0.0305932850396613, 0.0005011558532714844, -8.3, 0.0, 0.0
188.14, 0.058478653981553934, -0.15000000000000036, -0.15, 0.16999999999999998, -0.07173374481499195, -0.011889606234518558, 0.026145202932926992, 0.000499725341796875, 0.0, 0.0, 0.0
189.16, 0.05112285398892406, -0.08999999999999986, -0.09000000000000001, 0.1, 0.0553868543356657, -0.006100184582447236, 0.02082887897670016, 0.0004992485046386719, 0.0, 0.0, -5.0
190.18, 0.04358898943540458, -0.019999999999999574, -0.02, 0.04, -0.06835367530584335, 0.0017218061457071143, 0.014692246622679317, 0.0005013942718505859, 0.0, 0.0, 0.0
191.2, 0.0435889894353622, 0.009999999999999787, 0.02, 0.0, 0.05511296167969704, 0.0006595395908918478, 0.016637045862712307, 0.0, -0.5, 0.0, -2.0
192.22, 0.036055512754630745, -0.009999999999999787, 0.0, 0.0, -0.061305729672312737, 0.00045937611786704745, 0.014643452415519898, 0.0005011558532714844, -0.6, 0.0, 0.0
193.24, 0.031622776601681994, 0.009999999999999787, 0.0, 0.0, 0.05553152225911617, -0.0006645874497571414, 0.01610228959710769, 0.0005006790161132812, -2.1, 0.0, 0.0
194.26, 0.020000000000003126, 0.0, 0.0, 0.0, -0.05709769017994404, 0.0001853453272106714, 0.015216999170929224, 0.0005009174346923828, -9.7, 0.0, 0.0
195.28, 0.020000000000003126, 0.0, -0.01, -0.0, 0.055500298738479614, -0.0005717483836239524, 0.01566777418293852, 0.0004975795745849609, -4.0, 0.0, 0.0
196.3, 0.022360679774996627, 0.0, 0.0, 0.0, -0.055959662422537804, 0.00025864624992078943, 0.015560013265699002, 0.0005018711090087891, -1.2, 0.0, 0.0
197.32, 0.024494897427858816, 0.0, 0.0, -0.0, 0.055514805018901825, -0.00042258584041294633, 0.015569849695677318, 0.0, -4.6, 0.0, 0.0
198.34, 0.024494897427815306, 0.0, 0.0, 0.0, -0.05569858476519585, 0.0002937795704467948, 0.015602011024041351, 0.0005047321319580078, -3.0, 0.0, 41.0
199.36, 0.024494897427774696, 0.0, 0.0, -0.0, 0.055566418915987015, -0.0003554853627741828, 0.015615473334848806, 0.0005009174346923828, 0.0, 0.0, 0.0
200.38, 0.024494897427850115, 0.0, 0.0, 0.0, -0.055603088811039925, 0.00035959699179118206, 0.015557785023152748, 0.0005018711090087891, -5.1, 0.0, 0.0
201.4, 0.0244948974278095, 0.0, 0.0, -0.0, 0.05559227615594864, -0.0003438695902800531, 0.015649698832869152, 0.0005002021789550781, 2.8, 0.0, 0.0
202.42, 0.024494897427879123, 0.0, 0.0, 0.0, -0.0555923730134964, 0.0003581958841414926, 0.015561006842973457, 0.0005006790161132812, -4.0, 0.0, 0.0
203.44, 0.02449489742783851, 0.0, 0.0, -0.0, 0.05559120886027813, -0.0003445242633658695, 0.015647569888214363, 0.0004999637603759766, -2.0, 0.0, 0.0
204.46, 0.0244948974277979, 0.0, 0.0, 0.0, -0.055590054020285606, 0.00035826620352388686, 0.015565442526460638, 0.0005033016204833984, -1.0, 0.0, 0.0
205.48, 0.02449489742787332, 0.0, 0.0, -0.0, 0.05558675900101662, -0.000343424899854065, 0.015644475957146797, 0.0005002021789550781, -2.7, 0.0, -40.0
206.5, 0.02449489742783271, 0.0, 0.0, 0.0, -0.05558366701006889, 0.00035508184905870245, 0.01556842369180611, 0.0005028247833251953, 0.5, 0.0, 0.0
207.52, 0.024494897427786298, 0.0, 0.0, -0.0, 0.055582424625754356, -0.0003414195661850867, 0.015643270935419284, 0.0005040168762207031, -4.6, 0.0, -24.0
208.54, 0.024494897427861716, 0.0, 0.0, 0.0, -0.055589573457837105, 0.00035407774229143454, 0.01557780614275961, 0.0004992485046386719, -2.6000000000000005, 0.0, 0.0
209.56, 0.024494897427826907, 0.0, 0.0, -0.0, 0.055586449801921844, -0.00034271831653937234, 0.015651906281583194, 0.0, -2.6, 0.0, 0.0
210.58, 0.026885631979715757, 0.0, -0.01, 0.0, -0.05457563325762749, -0.0032133127197308572, 0.012723272322388235, 0.0005006790161132812, 0.0, 0.0, 0.0
211.6, 0.041477782145126874, 0.08999999999999986, -0.08, -0.0, 0.05894523672759533, -0.013686293829932845, 0.003129047193444867, 0.0004999637603759766, 0.5, 0.0, 0.0
212.62, 0.05149206199495953, 0.15000000000000036, -0.17, 0.0, -0.052360568195581436, -0.02088162113701821, -0.004273256314349938, 0.0005033016204833984, 0.0, 0.0, 0.0
213.64, 0.0721157410750439, 0.23000000000000043, -0.24, 0.0, 0.06595174968242645, -0.027626088787992734, -0.010065926594618801, 0.0005035400390625, 0.0, 0.0, 0.0
214.66, 0.0716905549482404, 0.27999999999999936, -0.29000000000000004, 0.0, -0.055579216219484806, -0.031502274396378746, -0.017258953946969857, 0.0005023479461669922, 0.0, 0.0, -42.0
215.68, 0.07109493934993821, 0.34999999999999964, -0.32000000000000006, 0.0, 0.07155360002070665, -0.036845288402750656, -0.02226641591660594, 0.0, -6.8, 0.0, 0.0
216.7, 0.07084381227659016, 0.40000000000000036, -0.34999999999999987, 0.0, -0.061344731133431196, -0.03922598920843344, -0.027294493514300244, 0.0005004405975341797, 0.0, 0.0, 12.0
217.72, 0.07145471610374936, 0.4499999999999993, -0.3600000000000001, 0.0, 0.07590729696676135, -0.043785345863657565, -0.031582089607503194, 0.0, 0.0, 0.0, 0.0
218.74, 0.06672918204615651, 0.5000000000000009, -0.3600000000000001, 0.0, -0.06353241950273514, -0.04524970692101452, -0.03501024648690443, 0.0, -0.6, 0.0, 0.0
219.76, 0.07644357709558934, 0.5499999999999998, -0.36999999999999966, -0.0, 0.07802845537662506, -0.049143813035407415, -0.03774575727807128, 0.0005009174346923828, 0.0, 0.0, 0.0
220.78, 0.07867668750256802, 0.5899999999999999, -0.3500000000000001, 0.0, -0.06364093534648418, -0.05011678989819919, -0.03979605323254165, 0.0005013942718505859, -1.0, 0.0, 0.0
221.8, 0.09736232576806496, 0.6200000000000001, -0.33000000000000007, -0.0, 0.07977729104459286, -0.05381137051411829, -0.04080270032548006, 0.0005037784576416016, 0.0, 0.10000000000000142, 0.0
222.82, 0.11838137355313195, 0.6500000000000004, -0.31000000000000005, 0.0, -0.0625072680413723, -0.05464273041091287, -0.0412708670420916, 0.0005028247833251953, 0.0, 0.0, 0.0
223.84, 0.13795032931336215, 0.6799999999999997, -0.2799999999999998, 0.0, 0.08074337616562843, -0.058396052805686376, -0.04056815337019537, 0.0005033016204833984, -2.2, 0.10000000000000142, -39.0
224.86, 0.16879253515103293, 0.69, -0.23999999999999977, 0.0, -0.06035497784614563, -0.05938534207038294, -0.03928361120365764, 0.0004992485046386719, 0.0, 0.0, 0.0
225.88, 0.19755784935789117, 0.7200000000000002, -0.20999999999999996, 0.0, 0.08207885921001434, -0.0631838965348302, -0.03655748480334475, 0.0004990100860595703, -1.5, 0.10000000000000142, 5.000000000000002
226.9, 0.2167878960047402, 0.73, -0.16000000000000014, 0.0, -0.06098321080207825, -0.06443228974777296, -0.03332468030371749, 0.0005052089691162109, -8.3, 0.0, 0.0
227.92, 0.24215407580049356, 0.7399999999999998, -0.1299999999999999, 0.0, 0.08390437066555023, -0.06871051297257051, -0.02886333885164749, 0.0004985332489013672, 0.0, 0.0, 0.0
228.94, 0.2533371985064175, 0.7500000000000001, -0.07000000000000028, 0.0, -0.06410574167966843, -0.06993113069264036, -0.023773755314741907, 0.0004999637603759766, -4.6, 0.0, 0.0
229.96, 0.26619329918602436, 0.75, -0.040000000000000036, 0.0, 0.08110252767801285, -0.07380927248433822, -0.017444260259307454, 0.0005009174346923828, -14.6, 0.0, 0.0
230.98, 0.2870997032805505, 0.76, 0.009999999999999787, 0.01, -0.06967256963253021, -0.07416141222336446, -0.010737215766264185, 0.0005016326904296875, -10.5, 0.0, -42.0
232.0, 0.2882160173486277, 0.7599999999999999, 0.0600000000000005, -0.01, 0.07461780309677124, -0.07681168492686945, -0.0032310939388866533, 0.0, -0.5, 0.0, 0.0
233.02, 0.2971919471835707, 0.7600000000000002, 0.10999999999999943, 0.01, -0.07682325690984726, -0.0756326534610048, 0.004067106979166679, 0.0005025863647460938, -9.6, 0.0, 0.0
234.04, 0.29178325187536547, 0.7399999999999998, 0.15000000000000036, -0.01, 0.06833166629076004, -0.07655112459159281, 0.011532800668371701, 0.0005035400390625, 0.5, 0.0, 0.0
235.06, 0.29300329330770675, 0.73, 0.20000000000000018, 0.01, -0.08262669295072556, -0.07365407490038949, 0.01833229301914474, 0.0005016326904296875, -2.3, 0.0, 0.0
236.08, 0.2814559825468672, 0.7199999999999998, 0.23999999999999977, -0.01, 0.06599044054746628, -0.07349848893137893, 0.024447961771875137, 0.0005030632019042969, 0.0, 0.0, 23.0
237.1, 0.26868627573638554, 0.6900000000000004, 0.27, 0.01, -0.08687539398670197, -0.06961667970841029, 0.029553227852948005, 0.000499725341796875, 0.0, 0.0, 0.0
238.12, 0.2571039965512329, 0.6699999999999999, 0.31999999999999984, -0.01, 0.06761135160923004, -0.0682917105563543, 0.03407527271469446, 0.0005009174346923828, -9.9, 0.0, 0.0
239.14, 0.2390960086539375, 0.6299999999999999, 0.33000000000000007, 0.01, -0.08850317820906639, -0.0633259333710802, 0.037330212690200204, 0.0005009174346923828, 0.0, 0.0, -42.0
240.16, 0.21925679946411444, 0.5899999999999999, 0.3599999999999999, -0.01, 0.06913271173834801, -0.06116298198389176, 0.040148857456824505, 0.0005004405975341797, -8.8, 0.0, 0.0
241.18, 0.20347526181256095, 0.5600000000000005, 0.3799999999999999, 0.0, -0.08698136359453201, -0.05550176966879417, 0.041794716339859095, 0.0005002021789550781, -7.8, 0.0, 0.0
242.2, 0.17853884928490804, 0.4999999999999991, 0.3700000000000001, -0.01, 0.06817186623811722, -0.05259235809882067, 0.042748628865605376, 0.0004999637603759766, -9.6, 0.0, 0.0
243.22, 0.16547000147857965, 0.46000000000000085, 0.3700000000000001, 0.01, -0.08282704278826714, -0.046409211992997995, 0.04248830500296763, 0.0005009174346923828, -1.8000000000000003, 0.0, 0.0
244.24, 0.13673803034911108, 0.41000000000000014, 0.3500000000000001, -0.01, 0.06510395929217339, -0.04250330954096618, 0.0415226660407948, 0.0004999637603759766, 1.6, 0.0, 37.0
245.26, 0.11794103175648332, 0.33999999999999986, 0.32999999999999996, 0.01, -0.07758127152919769, -0.035545644081254435, 0.0392289564686652, 0.0005013942718505859, -8.4, 0.0, 0.0
246.28, 0.0960779663863049, 0.28999999999999915, 0.2899999999999999, -0.01, 0.061212047934532166, -0.03040327859437743, 0.036141842377996, 0.0005018711090087891, -1.9000000000000004, 0.0, 0.0
247.3, 0.07430336939994202, 0.23000000000000043, 0.24000000000000005, 0.01, -0.07286182488314807, -0.022350792833932653, 0.03172053641422723, 0.000499725341796875, -0.9, 0.0, -41.0
248.32, 0.05600164326614369, 0.15000000000000036, 0.18, -0.01, 0.05678730155341327, -0.015593813895067938, 0.026500497627876873, 0.0005035400390625, -7.1000000000000005, 0.0, 0.0
249.34, 0.0489815935415646, 0.08999999999999986, 0.11, 0.01, -0.06973292864859104, -0.005862794819673965, 0.020102740126450414, 0.0005016326904296875, 0.9, 0.0, 0.0
250.36, 0.04358898943543882, 0.009999999999999787, 0.02, 0.0, 0.053388992324471474, 0.0020534162373717817, 0.013655637467441029, 0.0005009174346923828, -1.1, 0.0, 0.0
251.38, 0.05099019513591491, -0.009999999999999787, -0.03, 0.0, -0.06529541313648224, 0.0014719837136434714, 0.017159755816155364, 0.0005033016204833984, -3.5, 0.0, 0.0
252.4, 0.04242640687119446, 0.0, 0.0, 0.0, 0.054965272545814514, -0.00017036811300704012, 0.014652875104598229, 0.0005037784576416016, -1.2999999999999998, 0.0, 0.0
253.42, 0.031622776601681994, 0.0, 0.0, 0.0, -0.058637019246816635, 5.925373209169874e-06, 0.015914619618848436, 0.0005002021789550781, -2.8, 0.0, 0.0
254.44, 0.022360679774996627, 0.0, 0.0, -0.0, 0.05549467355012894, -0.0005479821428418262, 0.015475617608918357, 0.000499725341796875, -5.6, 0.0, 0.0
255.46, 0.020000000000003126, 0.0, 0.01, 0.0, -0.05653355084359646, 0.0001210057829151153, 0.015440717118440972, 0.0, -3.4, 0.0, -31.0
256.48, 0.020000000000003126, 0.0, 0.0, -0.0, 0.05555806681513786, -0.000489288338881555, 0.015728468003827878, 0.0005004405975341797, -4.4, 0.0, 0.0
257.5, 0.02449489742783271, 0.0, 0.0, 0.0, -0.05588822066783905, 0.00026227281130759475, 0.01543484681306917, 0.0004999637603759766, -4.5, 0.0, 0.0
258.52, 0.024494897427902326, 0.0, 0.0, -0.0, 0.05554229952394962, -0.0004095608226144276, 0.015694354803805988, 0.0005021095275878906, 0.5, 0.0, 0.0
259.54, 0.024494897427745684, 0.0, 0.0, 0.0, -0.05564623698592186, 0.0003390442512694286, 0.015529528519844016, 0.0, -3.3, 0.0, 0.0
260.56, 0.02920625633279151, -0.009999999999999787, 0.0, -0.02, 0.05221066251397133, -0.0007816527124660755, 0.010856550324218839, 0.0, 0.0, 0.0, 0.0
261.58, 0.03460287578731539, -0.16999999999999993, -0.0, -0.11, -0.04996788129210472, 0.0008825514996660068, -0.009516395317832549, 0.0005059242248535156, -8.0, 0.0, 0.0
262.6, 0.03651367262549012, -0.28000000000000114, -0.01, -0.2, 0.046921465545892715, 0.0008268335760527709, -0.02562442495133266, 0.0004999637603759766, -8.9, 0.10000000000000142, -38.0
263.62, 0.035650382854757114, -0.40999999999999837, 0.0, -0.25999999999999995, -0.04320031404495239, -0.00015344132274553048, -0.03072163243242043, 0.0004994869232177734, -8.3, 0.0, 0.0
264.64, 0.045089617947667616, -0.5200000000000014, 0.0, -0.29000000000000004, 0.04343062825500965, -0.0008604011139909074, -0.04274748009323992, 0.0005016326904296875, -4.2, 0.0, 0.0
265.66, 0.06637294643840543, -0.5800000000000001, 0.0, -0.31999999999999995, -0.0435654167085886, -0.00013963570758902466, -0.05580893434161127, 0.0005002021789550781, -4.9, 0.0, 0.0
266.68, 0.08080252261014698, -0.6399999999999997, 0.01, -0.32000000000000006, 0.04085610620677471, -0.0007488107825007607, -0.062221808867503725, 0.0005011558532714844, 0.0, 0.0, 0.0
267.7, 0.09845659985813826, -0.71, 0.0, -0.31000000000000005, -0.032920412719249725, 0.0005754180800111667, -0.06484494591137868, 0.0005013942718505859, -2.5, 0.10000000000000142, 0.0
268.72, 0.10128201940987416, -0.71, 0.0, -0.29000000000000004, 0.026827601715922356, -0.0014846692300822485, -0.06866661561883847, 0.0004987716674804688, -2.1, 0.0, 0.0
269.74, 0.0765528874442614, -0.7399999999999993, 0.01, -0.25, -0.025480275973677635, 0.00012455244909657237, -0.07291287770591803, 0.0005016326904296875, -0.5, 0.0, -22.0
270.76, 0.047445096827185, -0.7600000000000007, -0.01, -0.21999999999999975, 0.022955583408474922, 0.00012548259722747128, -0.07514930624626115, 0.0005035400390625, 0.9, 0.0, 0.0
271.78, 0.04222630082672183, -0.7599999999999998, -0.0, -0.18000000000000016, -0.02216271497309208, -0.00015629621102526735, -0.07361360095638458, 0.0005035400390625, 0.5, 0.0, 27.0
272.8, 0.05357116586928989, -0.7199999999999998, 0.0, -0.14000000000000012, 0.0249833595007658, -0.0007272015058370224, -0.07004870708395106, 0.0005013942718505859, -9.1, 0.0, 0.0
273.82, 0.06501607692554166, -0.6900000000000004, 0.0, -0.08999999999999986, -0.025653813034296036, 9.801857535378232e-06, -0.06525463261485953, 0.0004992485046386719, -5.3, 0.0, 0.0
274.84, 0.08361520577919931, -0.6299999999999999, 0.0, -0.04999999999999982, 0.03481578640639782, -0.00034616070467053875, -0.05929175750590754, 0.000499725341796875, -5.2, 0.0, 0.0
275.86, 0.09258514960335625, -0.5499999999999998, -0.0, -0.010000000000000231, -0.04500872828066349, -7.490263799552679e-07, -0.050877063538542266, 0.0004999637603759766, 0.5, 0.0, 0.0
276.88, 0.10134525074844941, -0.4600000000000001, 0.0, 0.0, 0.054568175226449966, -0.001719258725985533, -0.04007844529853877, 0.0005037784576416016, -0.7000000000000001, 0.0, 33.0
277.9, 0.09820426567344609, -0.35000000000000003, 0.01, 0.020000000000000018, -0.0639599859714508, -0.0003077752384174616, -0.028944850671362543, 0.0005011558532714844, -1.1999999999999997, 0.0, 0.0
278.92, 0.09605138265989607, -0.22999999999999998, 0.0, 0.03000000000000025, 0.0642097145318985, -0.0007649179845593855, -0.016693959216140142, 0.0005002021789550781, 0.0, 0.0, 0.0
279.94, 0.07681595328148724, -0.1, 0.0, 0.009999999999999787, -0.05729383043944836, 0.0005770251719946402, -0.003977349476030012, 0.0005061626434326172, -0.5, 0.0, -27.0
280.96, 0.05547847336258138, 0.0, 0.0, 0.04999999999999982, 0.0472146924585104, 9.897289684131893e-05, 0.0014269244242748336, 0.0004999637603759766, 1.0, 0.0, 0.0
281.98, 0.043980378690184, 0.01, -0.01, 0.16000000000000014, -0.048880599439144135, 0.0007269392754014507, 0.0005893452639484931, 0.0005018711090087891, 1.1, 0.0, 0.0
283.0, 0.03780251843462125, 0.0, 0.0, 0.26000000000000023, 0.056692540645599365, -0.0004495749979359956, 0.0003987934363804957, 0.000499725341796875, 0.7999999999999999, 0.0, 0.0
284.02, 0.035450631749139684, 0.01, -0.0, 0.34999999999999964, -0.06648487597703934, 0.0009028699833261529, 0.00022650178710059699, 0.0004999637603759766, -19.8, 0.0, 0.0
285.04, 0.04251837262655534, 0.0, 0.0, 0.41000000000000014, 0.07796736806631088, -0.0007570451122382316, 7.262253488149462e-05, 0.0004992485046386719, 0.0, 0.0, 39.0
286.06, 0.04092716299615474, 0.0, 0.0, 0.43999999999999995, -0.08614809066057205, 0.001267434285392183, -0.00019101041561508936, 0.0005030632019042969, -8.1, 0.0, 0.0
287.08, 0.03929593680143834, 0.0, -0.01, 0.42000000000000004, 0.09084223955869675, -0.0011384044422813985, 0.000265489299251076, 0.0, -7.5, 0.0, 0.0
288.1, 0.038366951141368275, 0.0, 0.01, 0.37, -0.0876343883574009, 0.0008046773910704004, 0.000373344211070048, 0.0, -15.2, 0.0, 42.0
289.12, 0.042248749760206164, 0.01, 0.0, 0.25000000000000006, 0.0791979730129242, -0.0010556722949911221, 0.00038371195605613195, 0.0004999637603759766, -2.2, 0.0, 0.0
290.14, 0.03583393590883776, 0.0, 0.0, 0.08999999999999997, -0.06879440695047379, 0.0005783955421608678, -0.0003630088212094318, 0.0005028247833251953, -0.7000000000000002, 0.0, 0.0
291.16, 0.039296263949658815, -0.01, 0.0, 0.0, 0.06285709515213966, -0.000629985000266079, -0.00011294269229233933, 0.0, -6.0, 0.0, 38.0
292.18, 0.040753964898306815, 0.0, 0.0, 0.0, -0.06289021112024784, 0.0006831402382605754, -0.000109868360334886, 0.000499725341796875, 2.6, 0.0, 0.0
293.2, 0.038857640557847815, 0.0, 0.0, 0.010000000000000009, 0.06273325718939304, -0.0006498393570831178, 2.6161041494665582e-05, 0.0005004405975341797, -8.7, 0.0, 0.0
294.22, 0.03996480029234576, 0.0, 0.0, 0.01999999999999999, -0.06260116584599018, 0.0006639097345386898, -1.2365497479738252e-05, 0.0005023479461669922, 0.0, 0.0, 0.0
295.24, 0.03844809420487017, 0.0, 0.0, 0.03, 0.062155831605196, -0.0006317554489934576, 9.483247278274654e-05, 0.0004999637603759766, -4.0, 0.0, 0.0
296.26, 0.04128899533956389, 0.0, 0.0, 0.04000000000000001, -0.06139899045228958, 0.0006305078772852697, 2.755054486880404e-05, 0.0004999637603759766, -18.5, 0.0, 0.0
297.28, 0.04731499256865078, 0.0, 0.0, 0.03, 0.06042428873479366, -0.0006022461859437973, 9.650384619508401e-05, 0.0004992485046386719, 0.5, 0.0, 0.0
298.3, 0.04656757792108759, 0.0, 0.0, 0.04000000000000001, -0.05929917097091675, 0.0005977263827793765, -1.8153327719483414e-05, 0.0005002021789550781, -6.2, 0.0, -8.0
299.32, 0.04526707603094452, 0.0, 0.0, 0.019999999999999997, 0.05801735073328018, -0.0005615149840498831, -1.4446587093264185e-05, 0.0, 0.0, 0.0, 0.0
